2025-08-01T08:41:02Z,PLC-008,Modbus,status,40096,73.1,info,192.168.2.243
2025-08-01T08:41:02Z,PLC-008,Modbus,status,40096,73.1,info,192.168.2.243
2025-08-01T08:27:02Z,PLC-006,Modbus,write,40026,77.0,info,192.168.0.224
2025-08-01T08:05:33Z,PLC-002,Modbus,status,40039,1,critical,10.0.0.254
2025-08-01T08:08:29Z,PLC-018,Modbus,status,40084,1,critical,10.0.0.254
2025-08-01T08:11:33Z,PLC-009,Modbus,read,40043,0,critical,192.168.99.99
2025-08-01T08:27:07Z,PLC-015,Modbus,status,40030,78.5,info,192.168.1.171
2025-08-01T08:54:07Z,PLC-007,Modbus,status,40075,1,critical,192.168.99.99
2025-08-01T08:29:55Z,PLC-003,Modbus,write,40004,1,critical,10.0.0.254
2025-08-01T08:19:33Z,PLC-001,Modbus,read,40061,70.0,info,192.168.5.12
2025-08-01T08:08:19Z,PLC-002,Modbus,write,40024,1,critical,192.168.99.99
2025-08-01T08:59:44Z,PLC-009,Modbus,status,40001,75.7,info,192.168.0.78
2025-08-01T08:00:47Z,PLC-007,Modbus,write,40002,66.9,info,192.168.2.31
2025-08-01T08:17:24Z,PLC-016,Modbus,status,40014,68.9,info,192.168.1.18
2025-08-01T08:45:50Z,PLC-004,Modbus,read,40028,1,critical,192.168.99.99
2025-08-01T08:13:27Z,PLC-019,Modbus,status,40018,62.3,info,192.168.3.63
2025-08-01T08:26:45Z,PLC-003,Modbus,read,40072,76.6,info,192.168.2.252
2025-08-01T08:34:42Z,PLC-009,Modbus,status,40061,1,critical,10.0.0.254
2025-08-01T08:15:14Z,PLC-009,Modbus,write,40048,66.9,info,192.168.1.194
2025-08-01T08:05:04Z,PLC-003,Modbus,status,40074,63.0,info,192.168.5.242
2025-08-01T08:07:20Z,PLC-002,Modbus,write,40025,70.2,info,192.168.2.114
2025-08-01T08:26:06Z,PLC-010,Modbus,status,40088,70.2,info,192.168.2.29
2025-08-01T08:23:36Z,PLC-016,Modbus,read,40088,0,critical,192.168.99.99
2025-08-01T08:09:19Z,PLC-006,Modbus,write,40029,74.0,info,192.168.4.5
2025-08-01T08:24:53Z,PLC-003,Modbus,status,40033,0,critical,10.0.0.254
2025-08-01T08:26:57Z,PLC-018,Modbus,write,40091,1,critical,192.168.99.99
2025-08-01T08:24:34Z,PLC-014,Modbus,write,40012,0,critical,192.168.99.99
2025-08-01T08:43:53Z,PLC-001,Modbus,status,40019,66.5,info,192.168.1.79
2025-08-01T08:44:38Z,PLC-001,Modbus,status,40087,64.1,info,192.168.0.128
2025-08-01T08:55:14Z,PLC-020,Modbus,write,40068,0,critical,192.168.99.99
2025-08-01T08:29:40Z,PLC-011,Modbus,status,40011,1,critical,192.168.99.99
2025-08-01T08:02:56Z,PLC-002,Modbus,read,40050,67.8,info,192.168.0.88
2025-08-01T08:05:43Z,PLC-013,Modbus,read,40069,75.1,info,192.168.4.23
2025-08-01T08:57:07Z,PLC-016,Modbus,read,40014,1,critical,10.0.0.254
2025-08-01T08:02:00Z,PLC-001,Modbus,status,40034,1,critical,10.0.0.254
2025-08-01T08:27:53Z,PLC-011,Modbus,read,40082,62.0,info,192.168.0.153
2025-08-01T08:20:12Z,PLC-009,Modbus,write,40080,67.5,info,192.168.0.125
2025-08-01T08:47:32Z,PLC-012,Modbus,status,40030,69.3,info,192.168.0.107
2025-08-01T08:22:00Z,PLC-016,Modbus,read,40097,0,critical,10.0.0.254
2025-08-01T08:20:49Z,PLC-006,Modbus,status,40088,0,critical,10.0.0.254
2025-08-01T09:01:59Z,PLC-001,Modbus,status,40089,0,critical,10.0.0.254
2025-08-01T08:21:26Z,PLC-016,Modbus,read,40039,1,critical,192.168.99.99
2025-08-01T08:58:28Z,PLC-002,Modbus,status,40040,67.0,info,192.168.1.33
2025-08-01T08:33:21Z,PLC-010,Modbus,read,40034,1,critical,192.168.99.99
2025-08-01T09:00:53Z,PLC-004,Modbus,read,40051,69.0,info,192.168.3.215
2025-08-01T08:27:11Z,PLC-007,Modbus,status,40064,1,critical,10.0.0.254
2025-08-01T08:57:13Z,PLC-019,Modbus,write,40050,64.7,info,192.168.5.222
2025-08-01T08:21:50Z,PLC-009,Modbus,write,40024,0,critical,10.0.0.254
2025-08-01T08:08:01Z,PLC-017,Modbus,read,40041,60.6,info,192.168.5.201
2025-08-01T08:48:27Z,PLC-015,Modbus,status,40028,68.4,info,192.168.2.190
2025-08-01T08:41:26Z,PLC-011,Modbus,write,40091,1,critical,192.168.99.99
2025-08-01T08:27:48Z,PLC-019,Modbus,status,40027,66.9,info,192.168.3.55
2025-08-01T08:44:20Z,PLC-005,Modbus,read,40003,1,critical,10.0.0.254
2025-08-01T08:00:52Z,PLC-010,Modbus,read,40044,75.2,info,192.168.0.175
2025-08-01T08:34:37Z,PLC-002,Modbus,write,40070,1,critical,192.168.99.99
2025-08-01T08:43:02Z,PLC-018,Modbus,write,40064,1,critical,192.168.99.99
2025-08-01T08:58:53Z,PLC-003,Modbus,status,40045,1,critical,10.0.0.254
2025-08-01T08:22:22Z,PLC-014,Modbus,status,40006,0,critical,192.168.99.99
2025-08-01T08:58:15Z,PLC-001,Modbus,status,40021,0,critical,10.0.0.254
2025-08-01T08:12:53Z,PLC-017,Modbus,read,40053,0,critical,10.0.0.254
2025-08-01T08:36:59Z,PLC-006,Modbus,status,40087,1,critical,10.0.0.254
2025-08-01T08:30:05Z,PLC-013,Modbus,status,40064,60.1,info,192.168.4.18
2025-08-01T08:57:59Z,PLC-014,Modbus,write,40088,68.8,info,192.168.4.148
2025-08-01T08:28:45Z,PLC-003,Modbus,write,40061,75.1,info,192.168.1.19
2025-08-01T08:31:20Z,PLC-018,Modbus,read,40058,0,critical,192.168.99.99
2025-08-01T08:10:29Z,PLC-017,Modbus,write,40030,0,critical,192.168.99.99
2025-08-01T08:24:27Z,PLC-019,Modbus,read,40020,0,critical,10.0.0.254
2025-08-01T08:55:19Z,PLC-006,Modbus,write,40025,1,critical,192.168.99.99
2025-08-01T08:01:33Z,PLC-007,Modbus,status,40003,1,critical,10.0.0.254
2025-08-01T08:49:17Z,PLC-008,Modbus,read,40055,1,critical,192.168.99.99
2025-08-01T08:48:12Z,PLC-011,Modbus,status,40058,62.4,info,192.168.5.47
2025-08-01T08:42:04Z,PLC-018,Modbus,write,40093,1,critical,192.168.99.99
2025-08-01T08:56:25Z,PLC-008,Modbus,status,40048,0,critical,10.0.0.254
2025-08-01T08:10:15Z,PLC-010,Modbus,read,40092,60.4,info,192.168.3.111
2025-08-01T08:31:46Z,PLC-013,Modbus,status,40002,60.9,info,192.168.5.234
2025-08-01T08:45:45Z,PLC-020,Modbus,write,40021,70.6,info,192.168.3.19
2025-08-01T08:03:53Z,PLC-012,Modbus,write,40064,69.9,info,192.168.1.222
2025-08-01T08:01:19Z,PLC-020,Modbus,read,40051,63.0,info,192.168.4.200
2025-08-01T08:21:28Z,PLC-009,Modbus,read,40016,69.4,info,192.168.1.131
2025-08-01T08:10:24Z,PLC-009,Modbus,write,40008,1,critical,10.0.0.254
2025-08-01T08:39:20Z,PLC-012,Modbus,read,40089,1,critical,10.0.0.254
2025-08-01T08:49:10Z,PLC-011,Modbus,write,40074,0,critical,10.0.0.254
2025-08-01T08:09:40Z,PLC-006,Modbus,write,40033,62.0,info,192.168.5.46
2025-08-01T08:28:12Z,PLC-007,Modbus,status,40059,65.4,info,192.168.4.202
2025-08-01T08:30:36Z,PLC-020,Modbus,write,40092,0,critical,10.0.0.254
2025-08-01T08:59:28Z,PLC-010,Modbus,status,40061,78.1,info,192.168.4.45
2025-08-01T08:19:40Z,PLC-009,Modbus,status,40078,79.3,info,192.168.3.183
2025-08-01T08:47:48Z,PLC-016,Modbus,read,40072,1,critical,10.0.0.254
2025-08-01T08:11:03Z,PLC-003,Modbus,write,40038,78.1,info,192.168.5.2
2025-08-01T08:47:23Z,PLC-019,Modbus,write,40050,1,critical,192.168.99.99
2025-08-01T08:31:18Z,PLC-015,Modbus,status,40056,70.2,info,192.168.0.31
2025-08-01T08:51:02Z,PLC-003,Modbus,read,40005,0,critical,192.168.99.99
2025-08-01T08:32:21Z,PLC-017,Modbus,write,40013,74.8,info,192.168.0.209
2025-08-01T08:52:09Z,PLC-010,Modbus,write,40073,76.2,info,192.168.1.176
2025-08-01T08:55:49Z,PLC-007,Modbus,read,40007,75.7,info,192.168.2.217
2025-08-01T08:06:03Z,PLC-016,Modbus,status,40059,75.8,info,192.168.4.144
2025-08-01T08:13:32Z,PLC-018,Modbus,write,40018,1,critical,10.0.0.254
2025-08-01T08:40:50Z,PLC-009,Modbus,status,40031,1,critical,192.168.99.99
2025-08-01T08:34:16Z,PLC-008,Modbus,read,40028,0,critical,192.168.99.99
2025-08-01T08:05:56Z,PLC-001,Modbus,write,40053,71.8,info,192.168.4.70
2025-08-01T08:31:06Z,PLC-006,Modbus,write,40072,1,critical,192.168.99.99
2025-08-01T08:34:57Z,PLC-010,Modbus,status,40097,1,critical,10.0.0.254
2025-08-01T08:15:35Z,PLC-001,Modbus,status,40031,1,critical,10.0.0.254
2025-08-01T08:55:16Z,PLC-001,Modbus,write,40091,74.8,info,192.168.4.232
2025-08-01T09:01:48Z,PLC-009,Modbus,status,40090,1,critical,192.168.99.99
2025-08-01T08:11:18Z,PLC-007,Modbus,read,40011,1,critical,10.0.0.254
2025-08-01T09:00:18Z,PLC-009,Modbus,write,40046,79.9,info,192.168.0.155
2025-08-01T08:07:07Z,PLC-005,Modbus,status,40088,1,critical,192.168.99.99
2025-08-01T08:34:25Z,PLC-004,Modbus,write,40051,66.7,info,192.168.5.105
2025-08-01T08:16:56Z,PLC-007,Modbus,status,40015,1,critical,10.0.0.254
2025-08-01T08:59:13Z,PLC-013,Modbus,status,40033,65.7,info,192.168.3.155
2025-08-01T09:01:01Z,PLC-003,Modbus,write,40008,1,critical,10.0.0.254
2025-08-01T08:00:09Z,PLC-009,Modbus,write,40085,0,critical,10.0.0.254
2025-08-01T08:00:27Z,PLC-003,Modbus,status,40001,1,critical,192.168.99.99
2025-08-01T08:53:05Z,PLC-002,Modbus,read,40099,1,critical,10.0.0.254
2025-08-01T08:47:18Z,PLC-007,Modbus,status,40025,64.3,info,192.168.0.126
2025-08-01T09:00:06Z,PLC-002,Modbus,write,40029,61.8,info,192.168.0.241
2025-08-01T08:50:49Z,PLC-014,Modbus,status,40084,69.9,info,192.168.2.124
2025-08-01T08:53:01Z,PLC-004,Modbus,read,40042,67.7,info,192.168.4.144
2025-08-01T08:10:10Z,PLC-009,Modbus,status,40010,62.0,info,192.168.1.152
2025-08-01T08:20:19Z,PLC-012,Modbus,read,40071,0,critical,192.168.99.99
2025-08-01T08:12:24Z,PLC-007,Modbus,status,40026,0,critical,192.168.99.99
2025-08-01T08:44:31Z,PLC-017,Modbus,write,40074,1,critical,192.168.99.99
2025-08-01T08:01:07Z,PLC-005,Modbus,status,40082,1,critical,192.168.99.99
2025-08-01T08:54:15Z,PLC-010,Modbus,status,40017,76.4,info,192.168.1.88
2025-08-01T08:33:38Z,PLC-002,Modbus,status,40012,75.5,info,192.168.2.27
2025-08-01T08:18:23Z,PLC-016,Modbus,status,40032,60.8,info,192.168.1.251
2025-08-01T08:36:37Z,PLC-019,Modbus,read,40008,73.7,info,192.168.5.113
2025-08-01T08:15:43Z,PLC-014,Modbus,read,40074,69.2,info,192.168.1.11
2025-08-01T08:54:15Z,PLC-018,Modbus,read,40008,0,critical,192.168.99.99
2025-08-01T08:57:29Z,PLC-004,Modbus,write,40027,66.3,info,192.168.5.67
2025-08-01T08:14:22Z,PLC-010,Modbus,read,40029,72.1,info,192.168.4.214
2025-08-01T08:33:35Z,PLC-009,Modbus,write,40048,1,critical,10.0.0.254
2025-08-01T08:52:54Z,PLC-009,Modbus,read,40023,67.5,info,192.168.1.93
2025-08-01T08:04:33Z,PLC-009,Modbus,status,40031,1,critical,10.0.0.254
2025-08-01T08:36:18Z,PLC-014,Modbus,status,40088,0,critical,10.0.0.254
2025-08-01T08:52:32Z,PLC-016,Modbus,write,40036,65.6,info,192.168.3.224
2025-08-01T08:05:16Z,PLC-008,Modbus,write,40039,61.7,info,192.168.2.177
2025-08-01T08:18:23Z,PLC-012,Modbus,read,40053,0,critical,192.168.99.99
2025-08-01T08:33:08Z,PLC-015,Modbus,read,40001,71.4,info,192.168.0.193
2025-08-01T08:30:32Z,PLC-014,Modbus,status,40087,79.1,info,192.168.4.11
2025-08-01T08:27:39Z,PLC-018,Modbus,read,40037,0,critical,10.0.0.254
2025-08-01T08:48:34Z,PLC-020,Modbus,status,40097,63.7,info,192.168.0.143
2025-08-01T08:27:29Z,PLC-014,Modbus,write,40050,0,critical,192.168.99.99
2025-08-01T09:01:48Z,PLC-013,Modbus,status,40030,74.0,info,192.168.1.158
2025-08-01T08:02:29Z,PLC-007,Modbus,status,40079,1,critical,10.0.0.254
2025-08-01T08:30:11Z,PLC-017,Modbus,read,40038,66.4,info,192.168.3.69
2025-08-01T08:41:43Z,PLC-019,Modbus,read,40036,70.6,info,192.168.2.29
2025-08-01T08:11:23Z,PLC-019,Modbus,status,40090,1,critical,192.168.99.99
2025-08-01T08:17:46Z,PLC-020,Modbus,status,40048,1,critical,192.168.99.99
2025-08-01T08:19:09Z,PLC-013,Modbus,read,40029,1,critical,192.168.99.99
2025-08-01T08:24:20Z,PLC-012,Modbus,status,40029,62.8,info,192.168.4.25
2025-08-01T08:02:57Z,PLC-015,Modbus,status,40015,0,critical,10.0.0.254
2025-08-01T08:31:37Z,PLC-013,Modbus,write,40052,1,critical,192.168.99.99
2025-08-01T08:16:09Z,PLC-014,Modbus,status,40043,65.0,info,192.168.2.187
2025-08-01T08:37:38Z,PLC-001,Modbus,write,40038,0,critical,192.168.99.99
2025-08-01T08:19:44Z,PLC-010,Modbus,status,40027,1,critical,192.168.99.99
2025-08-01T08:23:08Z,PLC-010,Modbus,status,40041,60.6,info,192.168.1.40
2025-08-01T08:33:48Z,PLC-014,Modbus,write,40056,62.3,info,192.168.2.114
2025-08-01T08:47:05Z,PLC-003,Modbus,read,40071,1,critical,10.0.0.254
2025-08-01T08:03:35Z,PLC-009,Modbus,read,40041,1,critical,10.0.0.254
2025-08-01T08:43:22Z,PLC-019,Modbus,read,40069,0,critical,192.168.99.99
2025-08-01T08:31:10Z,PLC-013,Modbus,write,40088,75.8,info,192.168.1.96
2025-08-01T08:21:46Z,PLC-009,Modbus,read,40008,77.1,info,192.168.4.66
2025-08-01T08:55:40Z,PLC-012,Modbus,status,40034,0,critical,10.0.0.254
2025-08-01T08:13:23Z,PLC-002,Modbus,read,40050,1,critical,192.168.99.99
2025-08-01T08:04:28Z,PLC-013,Modbus,read,40081,0,critical,10.0.0.254
2025-08-01T08:28:44Z,PLC-008,Modbus,write,40066,1,critical,10.0.0.254
2025-08-01T08:46:18Z,PLC-017,Modbus,read,40081,71.3,info,192.168.3.23
2025-08-01T08:31:32Z,PLC-011,Modbus,write,40079,65.0,info,192.168.2.39
2025-08-01T08:24:41Z,PLC-009,Modbus,read,40049,77.4,info,192.168.2.232
2025-08-01T08:35:30Z,PLC-006,Modbus,write,40059,69.8,info,192.168.0.194
2025-08-01T08:50:04Z,PLC-007,Modbus,write,40078,0,critical,10.0.0.254
2025-08-01T08:39:47Z,PLC-006,Modbus,write,40042,1,critical,10.0.0.254
2025-08-01T08:02:36Z,PLC-020,Modbus,write,40022,0,critical,192.168.99.99
2025-08-01T08:33:55Z,PLC-016,Modbus,read,40068,63.6,info,192.168.4.209
2025-08-01T08:45:51Z,PLC-017,Modbus,status,40066,79.3,info,192.168.2.73
2025-08-01T08:23:03Z,PLC-005,Modbus,status,40012,0,critical,10.0.0.254
2025-08-01T08:39:47Z,PLC-016,Modbus,status,40038,61.9,info,192.168.3.19
2025-08-01T08:12:33Z,PLC-015,Modbus,write,40090,1,critical,10.0.0.254
2025-08-01T08:56:14Z,PLC-019,Modbus,status,40096,72.3,info,192.168.2.162
2025-08-01T08:00:42Z,PLC-017,Modbus,write,40023,0,critical,192.168.99.99
2025-08-01T09:00:25Z,PLC-013,Modbus,read,40014,76.4,info,192.168.3.25
2025-08-01T08:53:28Z,PLC-004,Modbus,write,40007,0,critical,192.168.99.99
2025-08-01T08:26:25Z,PLC-004,Modbus,status,40089,65.5,info,192.168.3.103
2025-08-01T08:55:58Z,PLC-002,Modbus,write,40029,67.5,info,192.168.4.225
2025-08-01T08:38:30Z,PLC-020,Modbus,read,40065,74.6,info,192.168.5.248
2025-08-01T08:54:40Z,PLC-019,Modbus,read,40021,70.2,info,192.168.4.28
2025-08-01T08:41:04Z,PLC-006,Modbus,write,40042,0,critical,192.168.99.99
2025-08-01T08:17:40Z,PLC-002,Modbus,read,40084,1,critical,192.168.99.99
2025-08-01T08:25:07Z,PLC-006,Modbus,read,40068,68.2,info,192.168.1.208
2025-08-01T08:20:59Z,PLC-009,Modbus,status,40015,69.5,info,192.168.0.232
2025-08-01T08:22:56Z,PLC-017,Modbus,write,40001,0,critical,192.168.99.99
2025-08-01T08:42:29Z,PLC-002,Modbus,read,40034,0,critical,192.168.99.99
2025-08-01T08:07:13Z,PLC-014,Modbus,write,40025,0,critical,192.168.99.99
2025-08-01T08:16:44Z,PLC-003,Modbus,read,40055,0,critical,192.168.99.99
2025-08-01T08:36:26Z,PLC-019,Modbus,read,40023,1,critical,10.0.0.254
2025-08-01T08:17:05Z,PLC-012,Modbus,status,40036,73.4,info,192.168.5.93
2025-08-01T08:43:38Z,PLC-008,Modbus,write,40016,73.9,info,192.168.4.246
2025-08-01T08:37:44Z,PLC-005,Modbus,read,40029,1,critical,10.0.0.254
2025-08-01T08:48:22Z,PLC-005,Modbus,status,40094,77.8,info,192.168.5.162
2025-08-01T08:56:33Z,PLC-019,Modbus,read,40089,0,critical,192.168.99.99
2025-08-01T08:59:20Z,PLC-016,Modbus,write,40080,60.0,info,192.168.5.11
2025-08-01T08:39:08Z,PLC-001,Modbus,read,40088,75.6,info,192.168.0.216
2025-08-01T08:08:41Z,PLC-004,Modbus,status,40017,60.8,info,192.168.5.148
2025-08-01T08:30:21Z,PLC-015,Modbus,status,40043,1,critical,10.0.0.254
2025-08-01T08:18:07Z,PLC-005,Modbus,status,40025,61.0,info,192.168.2.26
2025-08-01T08:05:22Z,PLC-008,Modbus,write,40083,60.2,info,192.168.3.169
2025-08-01T08:23:32Z,PLC-005,Modbus,read,40061,74.0,info,192.168.1.78
2025-08-01T08:11:54Z,PLC-012,Modbus,status,40075,1,critical,192.168.99.99
2025-08-01T08:38:14Z,PLC-012,Modbus,status,40085,72.8,info,192.168.1.46
2025-08-01T08:12:09Z,PLC-014,Modbus,status,40017,1,critical,10.0.0.254
2025-08-01T08:36:21Z,PLC-006,Modbus,read,40052,67.6,info,192.168.4.91
2025-08-01T08:51:34Z,PLC-014,Modbus,read,40012,0,critical,10.0.0.254
2025-08-01T08:29:14Z,PLC-015,Modbus,read,40095,1,critical,10.0.0.254
2025-08-01T08:28:26Z,PLC-019,Modbus,write,40045,74.2,info,192.168.1.44
2025-08-01T08:18:05Z,PLC-013,Modbus,status,40049,0,critical,192.168.99.99
2025-08-01T08:33:28Z,PLC-014,Modbus,write,40032,1,critical,10.0.0.254
2025-08-01T08:12:41Z,PLC-014,Modbus,write,40047,71.7,info,192.168.0.175
2025-08-01T08:20:24Z,PLC-015,Modbus,write,40038,0,critical,10.0.0.254
2025-08-01T09:00:32Z,PLC-015,Modbus,read,40050,0,critical,10.0.0.254
2025-08-01T08:35:12Z,PLC-020,Modbus,read,40081,73.9,info,192.168.3.246
2025-08-01T08:23:53Z,PLC-018,Modbus,read,40093,1,critical,192.168.99.99
2025-08-01T08:27:58Z,PLC-003,Modbus,write,40042,78.7,info,192.168.0.170
2025-08-01T08:25:44Z,PLC-020,Modbus,status,40066,1,critical,10.0.0.254
2025-08-01T08:32:51Z,PLC-014,Modbus,status,40049,77.2,info,192.168.2.136
2025-08-01T08:29:09Z,PLC-017,Modbus,status,40097,0,critical,10.0.0.254
2025-08-01T08:52:18Z,PLC-006,Modbus,read,40082,60.1,info,192.168.4.247
2025-08-01T08:44:22Z,PLC-020,Modbus,status,40013,64.1,info,192.168.3.69
2025-08-01T08:50:34Z,PLC-007,Modbus,read,40058,71.7,info,192.168.4.60
2025-08-01T08:25:59Z,PLC-004,Modbus,write,40063,69.6,info,192.168.5.197
2025-08-01T08:10:31Z,PLC-016,Modbus,write,40072,77.9,info,192.168.3.79
2025-08-01T08:52:42Z,PLC-015,Modbus,status,40077,61.9,info,192.168.2.71
2025-08-01T08:49:40Z,PLC-001,Modbus,read,40045,0,critical,10.0.0.254
2025-08-01T08:13:35Z,PLC-019,Modbus,write,40082,69.4,info,192.168.3.151
2025-08-01T08:47:00Z,PLC-006,Modbus,read,40042,68.4,info,192.168.1.90
2025-08-01T08:36:49Z,PLC-002,Modbus,write,40043,0,critical,10.0.0.254
2025-08-01T08:19:18Z,PLC-008,Modbus,status,40092,1,critical,10.0.0.254
2025-08-01T08:28:31Z,PLC-011,Modbus,write,40060,0,critical,10.0.0.254
2025-08-01T08:21:58Z,PLC-008,Modbus,write,40047,71.3,info,192.168.4.221
2025-08-01T08:43:27Z,PLC-010,Modbus,write,40091,62.5,info,192.168.2.190
2025-08-01T08:43:33Z,PLC-009,Modbus,status,40005,68.3,info,192.168.2.47
2025-08-01T08:05:35Z,PLC-007,Modbus,read,40093,77.1,info,192.168.1.221
2025-08-01T08:13:12Z,PLC-016,Modbus,write,40038,76.7,info,192.168.3.130
2025-08-01T08:56:20Z,PLC-015,Modbus,read,40057,63.0,info,192.168.2.176
2025-08-01T08:49:50Z,PLC-020,Modbus,status,40084,61.1,info,192.168.2.21
2025-08-01T08:10:06Z,PLC-006,Modbus,write,40029,0,critical,10.0.0.254
2025-08-01T09:00:35Z,PLC-019,Modbus,write,40069,64.5,info,192.168.4.149
2025-08-01T09:00:06Z,PLC-015,Modbus,write,40090,1,critical,10.0.0.254
2025-08-01T08:11:39Z,PLC-014,Modbus,read,40059,0,critical,10.0.0.254
2025-08-01T08:59:46Z,PLC-004,Modbus,status,40051,1,critical,192.168.99.99
2025-08-01T08:59:08Z,PLC-003,Modbus,status,40015,0,critical,10.0.0.254
2025-08-01T08:24:47Z,PLC-009,Modbus,read,40032,0,critical,10.0.0.254
2025-08-01T08:12:26Z,PLC-020,Modbus,read,40081,73.1,info,192.168.5.182
2025-08-01T08:03:23Z,PLC-011,Modbus,write,40029,64.7,info,192.168.4.38
2025-08-01T08:09:04Z,PLC-014,Modbus,read,40098,0,critical,10.0.0.254
2025-08-01T08:19:26Z,PLC-001,Modbus,write,40071,1,critical,10.0.0.254
2025-08-01T08:54:25Z,PLC-012,Modbus,status,40095,61.0,info,192.168.3.47
2025-08-01T08:02:17Z,PLC-003,Modbus,status,40078,65.2,info,192.168.2.173
2025-08-01T08:53:50Z,PLC-008,Modbus,read,40003,63.5,info,192.168.4.238
2025-08-01T08:32:56Z,PLC-018,Modbus,read,40066,0,critical,192.168.99.99
2025-08-01T08:43:48Z,PLC-020,Modbus,write,40033,64.4,info,192.168.2.134
2025-08-01T09:01:54Z,PLC-014,Modbus,status,40015,0,critical,192.168.99.99
2025-08-01T08:21:04Z,PLC-002,Modbus,write,40047,79.5,info,192.168.2.15
2025-08-01T08:41:57Z,PLC-014,Modbus,status,40055,1,critical,192.168.99.99
2025-08-01T08:33:32Z,PLC-016,Modbus,write,40052,74.4,info,192.168.5.134
2025-08-01T08:09:57Z,PLC-002,Modbus,read,40072,61.2,info,192.168.5.128
2025-08-01T08:18:15Z,PLC-005,Modbus,write,40029,0,critical,10.0.0.254
2025-08-01T08:13:08Z,PLC-019,Modbus,status,40061,0,critical,10.0.0.254
2025-08-01T08:51:50Z,PLC-013,Modbus,write,40067,70.4,info,192.168.3.247
2025-08-01T08:18:37Z,PLC-020,Modbus,read,40080,79.0,info,192.168.4.125
2025-08-01T08:59:23Z,PLC-004,Modbus,write,40041,0,critical,10.0.0.254
2025-08-01T08:10:37Z,PLC-014,Modbus,write,40053,70.6,info,192.168.4.117
2025-08-01T08:08:41Z,PLC-016,Modbus,status,40047,0,critical,10.0.0.254
2025-08-01T08:27:06Z,PLC-006,Modbus,status,40090,1,critical,10.0.0.254
2025-08-01T08:57:06Z,PLC-019,Modbus,read,40097,79.0,info,192.168.4.30
2025-08-01T08:12:43Z,PLC-019,Modbus,read,40093,1,critical,192.168.99.99
2025-08-01T08:59:36Z,PLC-004,Modbus,read,40045,1,critical,10.0.0.254
2025-08-01T08:32:31Z,PLC-009,Modbus,write,40054,1,critical,10.0.0.254
2025-08-01T09:00:13Z,PLC-006,Modbus,write,40052,79.6,info,192.168.2.113
2025-08-01T08:46:42Z,PLC-011,Modbus,status,40053,1,critical,192.168.99.99
2025-08-01T08:26:36Z,PLC-008,Modbus,read,40054,0,critical,192.168.99.99
2025-08-01T08:18:50Z,PLC-001,Modbus,status,40059,62.8,info,192.168.1.209
2025-08-01T08:30:51Z,PLC-008,Modbus,write,40067,67.1,info,192.168.1.66
2025-08-01T09:00:25Z,PLC-010,Modbus,write,40034,0,critical,192.168.99.99
2025-08-01T08:08:48Z,PLC-011,Modbus,status,40002,0,critical,192.168.99.99
2025-08-01T08:00:33Z,PLC-010,Modbus,write,40061,76.5,info,192.168.1.211
2025-08-01T08:48:07Z,PLC-008,Modbus,write,40083,71.3,info,192.168.4.89
2025-08-01T08:26:07Z,PLC-010,Modbus,write,40022,1,critical,10.0.0.254
2025-08-01T08:37:30Z,PLC-020,Modbus,write,40007,74.1,info,192.168.3.11
2025-08-01T08:20:59Z,PLC-012,Modbus,status,40047,1,critical,10.0.0.254
2025-08-01T08:32:49Z,PLC-010,Modbus,status,40037,1,critical,10.0.0.254
2025-08-01T08:52:41Z,PLC-017,Modbus,write,40062,0,critical,192.168.99.99
2025-08-01T08:27:24Z,PLC-018,Modbus,read,40001,1,critical,10.0.0.254
2025-08-01T08:40:15Z,PLC-014,Modbus,write,40099,1,critical,192.168.99.99
2025-08-01T08:26:54Z,PLC-014,Modbus,status,40092,69.7,info,192.168.0.122
2025-08-01T08:39:27Z,PLC-014,Modbus,status,40032,1,critical,192.168.99.99
2025-08-01T08:52:04Z,PLC-007,Modbus,status,40013,0,critical,10.0.0.254
2025-08-01T08:37:23Z,PLC-006,Modbus,read,40096,76.9,info,192.168.5.249
2025-08-01T08:45:24Z,PLC-010,Modbus,write,40052,0,critical,10.0.0.254
2025-08-01T08:05:24Z,PLC-014,Modbus,read,40069,0,critical,10.0.0.254
2025-08-01T08:45:39Z,PLC-008,Modbus,status,40098,79.5,info,192.168.5.18
2025-08-01T08:20:09Z,PLC-011,Modbus,read,40024,1,critical,10.0.0.254
2025-08-01T08:30:51Z,PLC-001,Modbus,read,40088,1,critical,192.168.99.99
2025-08-01T08:34:06Z,PLC-008,Modbus,status,40057,1,critical,10.0.0.254
2025-08-01T08:57:21Z,PLC-002,Modbus,status,40081,0,critical,10.0.0.254
2025-08-01T08:42:46Z,PLC-004,Modbus,write,40045,1,critical,192.168.99.99
2025-08-01T08:50:40Z,PLC-010,Modbus,write,40083,68.0,info,192.168.1.172
2025-08-01T08:47:59Z,PLC-010,Modbus,read,40065,78.2,info,192.168.3.92
2025-08-01T08:53:41Z,PLC-001,Modbus,status,40016,0,critical,10.0.0.254
2025-08-01T08:38:28Z,PLC-008,Modbus,status,40084,1,critical,192.168.99.99
2025-08-01T08:39:17Z,PLC-019,Modbus,write,40099,63.1,info,192.168.3.209
2025-08-01T08:00:16Z,PLC-003,Modbus,read,40007,68.1,info,192.168.4.183
2025-08-01T08:48:17Z,PLC-002,Modbus,status,40034,1,critical,10.0.0.254
2025-08-01T08:28:59Z,PLC-019,Modbus,status,40050,71.9,info,192.168.1.130
2025-08-01T08:19:57Z,PLC-016,Modbus,status,40009,79.6,info,192.168.1.143
2025-08-01T08:31:51Z,PLC-005,Modbus,write,40008,79.2,info,192.168.3.211
2025-08-01T08:25:44Z,PLC-006,Modbus,status,40020,72.6,info,192.168.0.237
2025-08-01T08:34:51Z,PLC-003,Modbus,write,40076,0,critical,192.168.99.99
2025-08-01T08:53:00Z,PLC-006,Modbus,status,40088,0,critical,10.0.0.254
2025-08-01T08:40:38Z,PLC-008,Modbus,status,40073,61.4,info,192.168.2.238
2025-08-01T08:08:14Z,PLC-015,Modbus,write,40028,73.2,info,192.168.5.43
2025-08-01T08:17:55Z,PLC-017,Modbus,status,40055,65.8,info,192.168.4.54
2025-08-01T08:26:30Z,PLC-008,Modbus,read,40020,73.3,info,192.168.1.199
2025-08-01T08:26:52Z,PLC-014,Modbus,status,40045,0,critical,192.168.99.99
2025-08-01T08:16:29Z,PLC-006,Modbus,read,40017,64.3,info,192.168.3.103
2025-08-01T08:15:12Z,PLC-007,Modbus,status,40069,1,critical,192.168.99.99
2025-08-01T08:15:57Z,PLC-020,Modbus,write,40049,68.6,info,192.168.1.97
2025-08-01T09:01:35Z,PLC-013,Modbus,write,40064,76.8,info,192.168.3.101
2025-08-01T08:29:18Z,PLC-011,Modbus,status,40072,72.1,info,192.168.1.225
2025-08-01T08:37:14Z,PLC-004,Modbus,read,40099,70.9,info,192.168.1.160
2025-08-01T08:38:08Z,PLC-007,Modbus,read,40007,0,critical,10.0.0.254
2025-08-01T08:29:38Z,PLC-003,Modbus,read,40069,73.7,info,192.168.0.233
2025-08-01T08:59:01Z,PLC-003,Modbus,status,40031,1,critical,192.168.99.99
2025-08-01T08:58:07Z,PLC-014,Modbus,read,40009,1,critical,192.168.99.99
2025-08-01T08:51:41Z,PLC-013,Modbus,read,40061,0,critical,192.168.99.99
2025-08-01T08:22:19Z,PLC-006,Modbus,read,40010,73.5,info,192.168.3.47
2025-08-01T08:09:14Z,PLC-015,Modbus,read,40033,1,critical,10.0.0.254
2025-08-01T08:56:36Z,PLC-003,Modbus,status,40057,72.6,info,192.168.5.89
2025-08-01T08:10:44Z,PLC-017,Modbus,status,40054,1,critical,192.168.99.99
2025-08-01T08:53:50Z,PLC-011,Modbus,read,40012,1,critical,10.0.0.254
2025-08-01T08:35:18Z,PLC-017,Modbus,read,40045,1,critical,10.0.0.254
2025-08-01T08:21:52Z,PLC-003,Modbus,status,40078,74.4,info,192.168.0.189
2025-08-01T08:40:05Z,PLC-015,Modbus,read,40031,1,critical,10.0.0.254
2025-08-01T08:18:53Z,PLC-018,Modbus,write,40080,1,critical,10.0.0.254
2025-08-01T08:13:53Z,PLC-016,Modbus,status,40091,0,critical,10.0.0.254
2025-08-01T08:46:37Z,PLC-010,Modbus,read,40028,1,critical,192.168.99.99
2025-08-01T08:40:45Z,PLC-013,Modbus,read,40093,66.1,info,192.168.1.222
2025-08-01T08:16:19Z,PLC-015,Modbus,status,40023,1,critical,192.168.99.99
2025-08-01T08:46:15Z,PLC-020,Modbus,status,40082,0,critical,10.0.0.254
2025-08-01T08:28:03Z,PLC-011,Modbus,status,40041,1,critical,192.168.99.99
2025-08-01T08:01:32Z,PLC-003,Modbus,read,40015,65.5,info,192.168.5.94
2025-08-01T08:08:23Z,PLC-008,Modbus,read,40043,61.0,info,192.168.3.142
2025-08-01T08:25:05Z,PLC-004,Modbus,read,40094,0,critical,10.0.0.254
2025-08-01T08:42:34Z,PLC-005,Modbus,read,40028,66.3,info,192.168.1.41
2025-08-01T08:20:04Z,PLC-011,Modbus,write,40074,61.8,info,192.168.3.156
2025-08-01T08:12:58Z,PLC-020,Modbus,status,40037,1,critical,192.168.99.99
2025-08-01T08:29:48Z,PLC-006,Modbus,write,40009,77.0,info,192.168.5.47
2025-08-01T08:40:19Z,PLC-015,Modbus,read,40029,79.7,info,192.168.4.86
2025-08-01T08:04:54Z,PLC-011,Modbus,write,40057,65.5,info,192.168.1.200
2025-08-01T08:22:07Z,PLC-009,Modbus,status,40055,69.5,info,192.168.0.139
2025-08-01T08:22:52Z,PLC-018,Modbus,read,40039,79.9,info,192.168.3.20
2025-08-01T08:03:06Z,PLC-001,Modbus,read,40087,61.6,info,192.168.1.156
2025-08-01T09:01:25Z,PLC-020,Modbus,read,40015,60.6,info,192.168.1.158
2025-08-01T08:55:33Z,PLC-019,Modbus,read,40058,0,critical,10.0.0.254
2025-08-01T08:28:53Z,PLC-003,Modbus,read,40059,71.0,info,192.168.1.168
2025-08-01T08:12:17Z,PLC-012,Modbus,write,40056,73.2,info,192.168.3.217
2025-08-01T08:38:43Z,PLC-002,Modbus,read,40033,1,critical,192.168.99.99
2025-08-01T08:39:59Z,PLC-009,Modbus,read,40041,0,critical,10.0.0.254
2025-08-01T08:01:01Z,PLC-016,Modbus,read,40029,76.9,info,192.168.1.26
2025-08-01T08:42:01Z,PLC-019,Modbus,write,40053,76.2,info,192.168.0.43
2025-08-01T09:02:14Z,PLC-007,Modbus,status,40034,0,critical,192.168.99.99
2025-08-01T08:16:34Z,PLC-010,Modbus,read,40020,66.8,info,192.168.0.251
2025-08-01T08:53:19Z,PLC-001,Modbus,status,40095,0,critical,10.0.0.254
2025-08-01T08:19:16Z,PLC-016,Modbus,read,40060,68.9,info,192.168.5.1
2025-08-01T08:21:19Z,PLC-001,Modbus,write,40051,0,critical,10.0.0.254
2025-08-01T08:51:26Z,PLC-001,Modbus,status,40051,61.6,info,192.168.2.40
2025-08-01T08:20:01Z,PLC-015,Modbus,status,40066,1,critical,192.168.99.99
2025-08-01T08:07:42Z,PLC-009,Modbus,status,40024,62.2,info,192.168.4.87
2025-08-01T09:01:25Z,PLC-003,Modbus,write,40083,0,critical,192.168.99.99
2025-08-01T08:41:50Z,PLC-014,Modbus,read,40036,0,critical,192.168.99.99
2025-08-01T08:51:55Z,PLC-015,Modbus,status,40022,63.3,info,192.168.1.101
2025-08-01T08:55:22Z,PLC-017,Modbus,write,40060,76.7,info,192.168.5.96
2025-08-01T08:05:50Z,PLC-009,Modbus,write,40007,1,critical,192.168.99.99
2025-08-01T08:47:25Z,PLC-019,Modbus,read,40043,72.8,info,192.168.4.205
2025-08-01T08:47:05Z,PLC-013,Modbus,status,40091,65.9,info,192.168.0.32
2025-08-01T08:20:29Z,PLC-014,Modbus,status,40088,0,critical,10.0.0.254
2025-08-01T08:13:04Z,PLC-016,Modbus,read,40075,64.4,info,192.168.3.124
2025-08-01T08:57:30Z,PLC-011,Modbus,status,40037,0,critical,192.168.99.99
2025-08-01T08:05:19Z,PLC-008,Modbus,status,40015,1,critical,10.0.0.254
2025-08-01T08:33:45Z,PLC-010,Modbus,read,40049,0,critical,192.168.99.99
2025-08-01T08:35:54Z,PLC-015,Modbus,write,40066,66.1,info,192.168.2.164
2025-08-01T08:01:15Z,PLC-019,Modbus,write,40086,0,critical,192.168.99.99
2025-08-01T08:06:22Z,PLC-015,Modbus,status,40067,0,critical,192.168.99.99
2025-08-01T08:14:23Z,PLC-011,Modbus,write,40053,1,critical,10.0.0.254
2025-08-01T08:06:47Z,PLC-020,Modbus,status,40043,1,critical,192.168.99.99
2025-08-01T08:11:18Z,PLC-002,Modbus,read,40078,65.5,info,192.168.3.215
2025-08-01T09:00:44Z,PLC-017,Modbus,status,40018,70.2,info,192.168.1.49
2025-08-01T08:16:04Z,PLC-012,Modbus,read,40026,70.2,info,192.168.1.77
2025-08-01T08:43:31Z,PLC-015,Modbus,read,40007,1,critical,10.0.0.254
2025-08-01T08:27:42Z,PLC-004,Modbus,status,40063,76.9,info,192.168.1.1
2025-08-01T08:59:28Z,PLC-011,Modbus,write,40070,1,critical,10.0.0.254
2025-08-01T08:58:20Z,PLC-019,Modbus,status,40001,76.6,info,192.168.2.252
2025-08-01T08:12:36Z,PLC-011,Modbus,status,40043,61.5,info,192.168.0.79
2025-08-01T08:25:30Z,PLC-020,Modbus,write,40042,74.7,info,192.168.3.61
2025-08-01T08:24:08Z,PLC-006,Modbus,status,40078,1,critical,10.0.0.254
2025-08-01T08:09:58Z,PLC-020,Modbus,write,40080,1,critical,10.0.0.254
2025-08-01T08:37:54Z,PLC-004,Modbus,read,40087,72.1,info,192.168.5.167
2025-08-01T08:53:41Z,PLC-013,Modbus,status,40098,60.4,info,192.168.4.68
2025-08-01T08:02:08Z,PLC-007,Modbus,read,40053,65.5,info,192.168.2.249
2025-08-01T08:16:50Z,PLC-003,Modbus,status,40066,1,critical,10.0.0.254
2025-08-01T08:17:23Z,PLC-007,Modbus,write,40049,1,critical,192.168.99.99
2025-08-01T08:11:51Z,PLC-002,Modbus,status,40093,69.5,info,192.168.4.17
2025-08-01T08:51:03Z,PLC-016,Modbus,write,40027,66.8,info,192.168.1.146
2025-08-01T08:39:39Z,PLC-007,Modbus,write,40099,73.9,info,192.168.1.17
2025-08-01T08:14:00Z,PLC-020,Modbus,write,40039,66.9,info,192.168.1.156
2025-08-01T08:57:36Z,PLC-012,Modbus,read,40037,0,critical,192.168.99.99
2025-08-01T08:21:09Z,PLC-006,Modbus,read,40088,61.8,info,192.168.4.234
2025-08-01T08:32:58Z,PLC-014,Modbus,write,40030,62.9,info,192.168.1.215
2025-08-01T08:45:29Z,PLC-011,Modbus,status,40001,67.0,info,192.168.5.218
2025-08-01T08:33:54Z,PLC-002,Modbus,write,40013,0,critical,192.168.99.99
2025-08-01T08:43:41Z,PLC-016,Modbus,read,40084,0,critical,192.168.99.99
2025-08-01T08:11:08Z,PLC-019,Modbus,write,40028,1,critical,192.168.99.99
2025-08-01T08:45:17Z,PLC-015,Modbus,read,40013,1,critical,10.0.0.254
2025-08-01T08:32:09Z,PLC-011,Modbus,read,40096,65.6,info,192.168.5.1
2025-08-01T08:07:49Z,PLC-009,Modbus,read,40038,1,critical,10.0.0.254
2025-08-01T08:21:36Z,PLC-007,Modbus,read,40040,64.5,info,192.168.0.126
2025-08-01T08:01:54Z,PLC-001,Modbus,write,40074,68.4,info,192.168.1.67
2025-08-01T08:14:14Z,PLC-009,Modbus,write,40051,74.4,info,192.168.0.211
2025-08-01T08:22:47Z,PLC-007,Modbus,write,40095,0,critical,192.168.99.99
2025-08-01T08:08:04Z,PLC-007,Modbus,write,40026,0,critical,10.0.0.254
2025-08-01T08:58:29Z,PLC-018,Modbus,status,40005,0,critical,10.0.0.254
2025-08-01T08:39:52Z,PLC-013,Modbus,read,40039,1,critical,10.0.0.254
2025-08-01T08:35:47Z,PLC-016,Modbus,status,40068,60.9,info,192.168.2.179
2025-08-01T08:02:17Z,PLC-015,Modbus,read,40013,1,critical,10.0.0.254
2025-08-01T08:06:59Z,PLC-017,Modbus,status,40092,0,critical,10.0.0.254
2025-08-01T08:29:22Z,PLC-011,Modbus,write,40084,0,critical,10.0.0.254
2025-08-01T08:57:36Z,PLC-002,Modbus,status,40030,73.4,info,192.168.5.53
2025-08-01T08:22:06Z,PLC-008,Modbus,read,40039,1,critical,10.0.0.254
2025-08-01T08:15:36Z,PLC-006,Modbus,read,40093,70.9,info,192.168.4.250
2025-08-01T08:36:08Z,PLC-013,Modbus,status,40010,0,critical,10.0.0.254
2025-08-01T08:36:56Z,PLC-014,Modbus,read,40090,75.1,info,192.168.1.3
2025-08-01T08:27:23Z,PLC-004,Modbus,status,40073,62.3,info,192.168.0.34
2025-08-01T08:14:41Z,PLC-009,Modbus,write,40042,0,critical,192.168.99.99
2025-08-01T08:24:58Z,PLC-018,Modbus,status,40077,1,critical,192.168.99.99
2025-08-01T08:05:28Z,PLC-006,Modbus,write,40005,79.5,info,192.168.0.224
2025-08-01T08:04:00Z,PLC-004,Modbus,write,40027,1,critical,192.168.99.99
2025-08-01T08:33:23Z,PLC-008,Modbus,read,40066,74.6,info,192.168.2.247
2025-08-01T08:57:48Z,PLC-011,Modbus,read,40038,0,critical,10.0.0.254
2025-08-01T08:00:39Z,PLC-018,Modbus,write,40058,69.6,info,192.168.3.224
2025-08-01T08:41:33Z,PLC-008,Modbus,write,40085,0,critical,10.0.0.254
2025-08-01T08:58:53Z,PLC-009,Modbus,status,40060,66.7,info,192.168.0.32
2025-08-01T08:55:46Z,PLC-002,Modbus,status,40093,1,critical,10.0.0.254
2025-08-01T08:03:04Z,PLC-019,Modbus,read,40081,0,critical,10.0.0.254
2025-08-01T08:57:21Z,PLC-012,Modbus,status,40095,74.4,info,192.168.1.196
2025-08-01T09:00:47Z,PLC-006,Modbus,status,40055,1,critical,192.168.99.99
2025-08-01T08:37:04Z,PLC-006,Modbus,status,40016,0,critical,10.0.0.254
2025-08-01T08:41:26Z,PLC-017,Modbus,read,40099,65.2,info,192.168.1.143
2025-08-01T08:42:50Z,PLC-005,Modbus,status,40060,69.0,info,192.168.3.128
2025-08-01T08:10:14Z,PLC-007,Modbus,write,40048,1,critical,192.168.99.99
2025-08-01T08:42:07Z,PLC-016,Modbus,status,40009,76.6,info,192.168.3.165
2025-08-01T08:08:35Z,PLC-005,Modbus,status,40050,0,critical,192.168.99.99
2025-08-01T08:42:15Z,PLC-008,Modbus,write,40051,68.4,info,192.168.0.97
2025-08-01T08:41:17Z,PLC-005,Modbus,write,40026,72.7,info,192.168.1.209
2025-08-01T08:04:08Z,PLC-008,Modbus,write,40073,78.7,info,192.168.3.183
2025-08-01T08:29:46Z,PLC-018,Modbus,read,40064,1,critical,192.168.99.99
2025-08-01T09:01:09Z,PLC-003,Modbus,write,40001,1,critical,10.0.0.254
2025-08-01T08:47:38Z,PLC-017,Modbus,status,40037,0,critical,10.0.0.254
2025-08-01T08:16:04Z,PLC-018,Modbus,write,40006,1,critical,10.0.0.254
2025-08-01T08:37:54Z,PLC-017,Modbus,read,40090,1,critical,192.168.99.99
2025-08-01T08:46:09Z,PLC-003,Modbus,read,40042,0,critical,10.0.0.254
2025-08-01T08:23:26Z,PLC-010,Modbus,read,40050,79.0,info,192.168.5.194
2025-08-01T08:22:13Z,PLC-006,Modbus,write,40028,1,critical,192.168.99.99
2025-08-01T08:41:20Z,PLC-001,Modbus,status,40079,1,critical,192.168.99.99
2025-08-01T08:06:34Z,PLC-008,Modbus,write,40031,1,critical,10.0.0.254
2025-08-01T08:06:53Z,PLC-007,Modbus,write,40029,63.3,info,192.168.5.137
2025-08-01T08:53:06Z,PLC-001,Modbus,status,40021,66.4,info,192.168.3.183
2025-08-01T08:14:16Z,PLC-001,Modbus,write,40091,1,critical,10.0.0.254
2025-08-01T08:40:40Z,PLC-012,Modbus,status,40091,0,critical,10.0.0.254
2025-08-01T08:10:38Z,PLC-008,Modbus,status,40040,0,critical,10.0.0.254
2025-08-01T08:15:07Z,PLC-015,Modbus,read,40088,74.2,info,192.168.2.93
2025-08-01T08:01:24Z,PLC-011,Modbus,write,40076,1,critical,10.0.0.254
2025-08-01T08:14:57Z,PLC-002,Modbus,read,40087,1,critical,192.168.99.99
2025-08-01T08:35:27Z,PLC-019,Modbus,write,40092,1,critical,10.0.0.254
2025-08-01T08:08:33Z,PLC-019,Modbus,read,40045,76.0,info,192.168.4.243
2025-08-01T08:12:04Z,PLC-011,Modbus,read,40080,68.4,info,192.168.5.5
2025-08-01T08:06:47Z,PLC-008,Modbus,status,40069,79.3,info,192.168.3.2
2025-08-01T08:46:00Z,PLC-014,Modbus,read,40069,0,critical,10.0.0.254
2025-08-01T08:59:51Z,PLC-007,Modbus,read,40060,0,critical,192.168.99.99
2025-08-01T08:59:53Z,PLC-012,Modbus,status,40040,70.7,info,192.168.3.233
2025-08-01T08:14:32Z,PLC-001,Modbus,status,40036,1,critical,10.0.0.254
2025-08-01T08:42:22Z,PLC-014,Modbus,status,40057,69.9,info,192.168.1.107
2025-08-01T08:53:10Z,PLC-009,Modbus,status,40096,1,critical,192.168.99.99
2025-08-01T08:15:45Z,PLC-003,Modbus,write,40012,0,critical,10.0.0.254
2025-08-01T08:30:22Z,PLC-007,Modbus,write,40087,73.7,info,192.168.2.192
2025-08-01T08:11:42Z,PLC-005,Modbus,status,40046,77.2,info,192.168.0.30
2025-08-01T08:15:05Z,PLC-002,Modbus,status,40083,0,critical,192.168.99.99
2025-08-01T08:01:37Z,PLC-019,Modbus,write,40053,75.1,info,192.168.3.208
2025-08-01T08:23:13Z,PLC-009,Modbus,read,40020,0,critical,10.0.0.254
2025-08-01T08:09:38Z,PLC-010,Modbus,read,40039,1,critical,192.168.99.99
2025-08-01T09:02:29Z,PLC-012,Modbus,write,40087,1,critical,192.168.99.99
2025-08-01T08:13:46Z,PLC-018,Modbus,status,40032,73.5,info,192.168.2.124
2025-08-01T08:44:48Z,PLC-020,Modbus,read,40079,1,critical,10.0.0.254
2025-08-01T08:12:03Z,PLC-003,Modbus,write,40004,0,critical,192.168.99.99
2025-08-01T08:46:50Z,PLC-018,Modbus,read,40008,0,critical,192.168.99.99
2025-08-01T08:12:56Z,PLC-012,Modbus,write,40028,62.5,info,192.168.0.8
2025-08-01T08:01:52Z,PLC-019,Modbus,status,40099,1,critical,10.0.0.254
2025-08-01T08:37:44Z,PLC-011,Modbus,status,40024,76.3,info,192.168.2.141
2025-08-01T08:43:15Z,PLC-008,Modbus,write,40014,75.1,info,192.168.2.80
2025-08-01T08:45:08Z,PLC-009,Modbus,read,40087,0,critical,10.0.0.254
2025-08-01T08:56:19Z,PLC-003,Modbus,status,40096,0,critical,192.168.99.99
2025-08-01T08:11:26Z,PLC-016,Modbus,read,40036,66.3,info,192.168.4.2
2025-08-01T08:32:12Z,PLC-008,Modbus,status,40040,0,critical,192.168.99.99
2025-08-01T08:50:43Z,PLC-010,Modbus,read,40023,1,critical,192.168.99.99
2025-08-01T08:13:16Z,PLC-012,Modbus,status,40078,0,critical,192.168.99.99
2025-08-01T08:50:03Z,PLC-012,Modbus,status,40094,65.8,info,192.168.5.76
2025-08-01T08:38:57Z,PLC-003,Modbus,write,40018,0,critical,10.0.0.254
2025-08-01T08:13:22Z,PLC-004,Modbus,write,40017,67.5,info,192.168.4.15
2025-08-01T08:14:51Z,PLC-015,Modbus,status,40042,1,critical,192.168.99.99
2025-08-01T08:16:24Z,PLC-008,Modbus,status,40077,0,critical,10.0.0.254
2025-08-01T08:20:24Z,PLC-001,Modbus,write,40056,69.1,info,192.168.5.130
2025-08-01T08:43:50Z,PLC-018,Modbus,read,40084,1,critical,10.0.0.254
2025-08-01T08:38:13Z,PLC-004,Modbus,read,40073,1,critical,10.0.0.254
2025-08-01T08:40:33Z,PLC-003,Modbus,status,40027,71.0,info,192.168.4.103
2025-08-01T08:36:41Z,PLC-018,Modbus,status,40081,1,critical,192.168.99.99
2025-08-01T08:08:54Z,PLC-018,Modbus,write,40066,1,critical,10.0.0.254
2025-08-01T08:59:38Z,PLC-018,Modbus,read,40060,62.7,info,192.168.2.48
2025-08-01T08:06:16Z,PLC-014,Modbus,write,40095,1,critical,192.168.99.99
2025-08-01T08:52:21Z,PLC-005,Modbus,write,40034,0,critical,10.0.0.254
2025-08-01T08:58:39Z,PLC-011,Modbus,write,40080,1,critical,192.168.99.99
2025-08-01T08:58:44Z,PLC-004,Modbus,read,40056,0,critical,10.0.0.254
2025-08-01T08:50:19Z,PLC-020,Modbus,read,40094,0,critical,192.168.99.99
2025-08-01T08:56:05Z,PLC-009,Modbus,write,40073,1,critical,10.0.0.254
2025-08-01T08:34:12Z,PLC-017,Modbus,write,40060,79.5,info,192.168.5.11
2025-08-01T08:51:14Z,PLC-016,Modbus,write,40093,0,critical,192.168.99.99
2025-08-01T08:16:40Z,PLC-008,Modbus,read,40053,75.0,info,192.168.5.182
2025-08-01T08:06:41Z,PLC-004,Modbus,status,40031,78.6,info,192.168.1.120
2025-08-01T08:20:19Z,PLC-004,Modbus,status,40056,74.9,info,192.168.5.119
2025-08-01T08:37:01Z,PLC-013,Modbus,read,40086,68.4,info,192.168.3.243
2025-08-01T08:46:08Z,PLC-017,Modbus,read,40027,68.7,info,192.168.3.56
2025-08-01T08:24:15Z,PLC-016,Modbus,status,40020,0,critical,192.168.99.99
2025-08-01T08:26:46Z,PLC-008,Modbus,read,40085,0,critical,192.168.99.99
2025-08-01T08:52:26Z,PLC-013,Modbus,status,40050,0,critical,192.168.99.99
2025-08-01T08:31:05Z,PLC-006,Modbus,write,40052,69.0,info,192.168.3.142
2025-08-01T08:04:06Z,PLC-015,Modbus,status,40047,0,critical,10.0.0.254
2025-08-01T08:26:15Z,PLC-007,Modbus,status,40096,73.2,info,192.168.1.215
2025-08-01T08:08:09Z,PLC-003,Modbus,status,40060,64.9,info,192.168.1.138
2025-08-01T08:32:40Z,PLC-016,Modbus,read,40098,1,critical,10.0.0.254
2025-08-01T08:14:57Z,PLC-001,Modbus,write,40096,69.1,info,192.168.2.53
2025-08-01T08:43:17Z,PLC-006,Modbus,read,40048,1,critical,192.168.99.99
2025-08-01T08:15:21Z,PLC-001,Modbus,read,40017,1,critical,10.0.0.254
2025-08-01T08:09:09Z,PLC-009,Modbus,read,40075,61.4,info,192.168.1.106
2025-08-01T08:25:28Z,PLC-012,Modbus,status,40059,1,critical,192.168.99.99
2025-08-01T08:15:26Z,PLC-010,Modbus,read,40048,72.3,info,192.168.2.30
2025-08-01T08:05:00Z,PLC-010,Modbus,write,40010,0,critical,192.168.99.99
2025-08-01T08:54:58Z,PLC-020,Modbus,status,40047,1,critical,192.168.99.99
2025-08-01T08:37:33Z,PLC-017,Modbus,read,40034,1,critical,192.168.99.99
2025-08-01T08:04:39Z,PLC-003,Modbus,status,40071,1,critical,10.0.0.254
2025-08-01T08:11:57Z,PLC-009,Modbus,write,40029,63.7,info,192.168.2.32
2025-08-01T08:15:48Z,PLC-019,Modbus,read,40076,67.3,info,192.168.2.170
2025-08-01T08:35:46Z,PLC-014,Modbus,status,40014,1,critical,192.168.99.99
2025-08-01T08:17:18Z,PLC-008,Modbus,write,40050,1,critical,10.0.0.254
2025-08-01T08:04:16Z,PLC-013,Modbus,write,40024,79.5,info,192.168.3.66
2025-08-01T09:00:15Z,PLC-014,Modbus,write,40066,1,critical,192.168.99.99
2025-08-01T08:19:02Z,PLC-017,Modbus,status,40048,1,critical,10.0.0.254
2025-08-01T08:12:18Z,PLC-009,Modbus,status,40012,0,critical,10.0.0.254
2025-08-01T08:24:01Z,PLC-003,Modbus,write,40072,0,critical,10.0.0.254
2025-08-01T08:40:02Z,PLC-011,Modbus,write,40037,77.5,info,192.168.4.112
2025-08-01T08:23:44Z,PLC-016,Modbus,read,40075,1,critical,192.168.99.99
2025-08-01T08:00:10Z,PLC-018,Modbus,read,40054,73.2,info,192.168.3.190
2025-08-01T08:07:06Z,PLC-017,Modbus,write,40075,61.0,info,192.168.2.119
2025-08-01T08:28:26Z,PLC-003,Modbus,read,40094,1,critical,10.0.0.254
2025-08-01T08:32:30Z,PLC-009,Modbus,status,40006,62.3,info,192.168.1.51
2025-08-01T08:10:42Z,PLC-017,Modbus,read,40009,75.5,info,192.168.4.13
2025-08-01T08:01:42Z,PLC-003,Modbus,read,40061,0,critical,192.168.99.99
2025-08-01T08:10:53Z,PLC-020,Modbus,status,40004,68.3,info,192.168.2.151
2025-08-01T08:31:00Z,PLC-020,Modbus,status,40065,62.8,info,192.168.3.250
2025-08-01T08:17:08Z,PLC-009,Modbus,status,40044,0,critical,10.0.0.254
2025-08-01T08:33:18Z,PLC-005,Modbus,status,40053,70.9,info,192.168.3.142
2025-08-01T08:00:58Z,PLC-017,Modbus,read,40051,1,critical,192.168.99.99
2025-08-01T08:05:40Z,PLC-013,Modbus,write,40026,1,critical,192.168.99.99
2025-08-01T08:50:36Z,PLC-014,Modbus,write,40091,1,critical,192.168.99.99
2025-08-01T08:27:16Z,PLC-004,Modbus,write,40073,67.7,info,192.168.3.197
2025-08-01T08:51:10Z,PLC-011,Modbus,read,40001,72.9,info,192.168.2.30
2025-08-01T08:29:23Z,PLC-019,Modbus,status,40049,79.3,info,192.168.1.107
2025-08-01T08:53:35Z,PLC-016,Modbus,read,40058,1,critical,10.0.0.254
2025-08-01T08:46:36Z,PLC-006,Modbus,status,40099,73.0,info,192.168.5.64
2025-08-01T08:17:40Z,PLC-011,Modbus,read,40099,79.8,info,192.168.0.251
2025-08-01T08:33:11Z,PLC-012,Modbus,read,40007,0,critical,192.168.99.99
2025-08-01T08:12:46Z,PLC-014,Modbus,read,40034,74.7,info,192.168.1.172
2025-08-01T08:34:55Z,PLC-018,Modbus,write,40020,76.9,info,192.168.3.88
2025-08-01T08:52:48Z,PLC-019,Modbus,status,40036,74.9,info,192.168.3.238
2025-08-01T08:32:26Z,PLC-006,Modbus,status,40027,0,critical,10.0.0.254
2025-08-01T08:07:59Z,PLC-017,Modbus,status,40053,0,critical,192.168.99.99
2025-08-01T08:46:31Z,PLC-017,Modbus,read,40054,1,critical,192.168.99.99
2025-08-01T08:52:26Z,PLC-020,Modbus,write,40084,77.9,info,192.168.3.245
2025-08-01T08:03:38Z,PLC-006,Modbus,read,40026,60.0,info,192.168.2.221
2025-08-01T08:48:10Z,PLC-008,Modbus,read,40066,1,critical,10.0.0.254
2025-08-01T08:05:10Z,PLC-012,Modbus,read,40002,69.6,info,192.168.5.24
2025-08-01T08:24:41Z,PLC-011,Modbus,read,40002,1,critical,192.168.99.99
2025-08-01T08:00:00Z,PLC-016,Modbus,write,40049,65.4,info,192.168.0.221
2025-08-01T08:38:02Z,PLC-019,Modbus,status,40002,62.3,info,192.168.5.8
2025-08-01T08:44:11Z,PLC-007,Modbus,status,40005,70.1,info,192.168.0.208
2025-08-01T08:42:53Z,PLC-003,Modbus,write,40079,0,critical,10.0.0.254
2025-08-01T08:17:18Z,PLC-018,Modbus,read,40066,68.7,info,192.168.0.172
2025-08-01T08:14:30Z,PLC-013,Modbus,read,40096,76.1,info,192.168.0.35
2025-08-01T08:26:01Z,PLC-008,Modbus,write,40063,1,critical,10.0.0.254
2025-08-01T08:02:44Z,PLC-002,Modbus,read,40085,1,critical,10.0.0.254
2025-08-01T08:26:27Z,PLC-016,Modbus,status,40035,1,critical,192.168.99.99
2025-08-01T08:54:07Z,PLC-015,Modbus,status,40013,60.1,info,192.168.3.233
2025-08-01T08:11:35Z,PLC-019,Modbus,read,40033,67.5,info,192.168.2.126
2025-08-01T08:39:06Z,PLC-019,Modbus,write,40006,0,critical,10.0.0.254
2025-08-01T08:09:26Z,PLC-015,Modbus,write,40046,71.6,info,192.168.2.13
2025-08-01T08:00:00Z,PLC-002,Modbus,read,40021,0,critical,192.168.99.99
2025-08-01T08:42:22Z,PLC-007,Modbus,write,40093,1,critical,10.0.0.254
2025-08-01T08:19:50Z,PLC-005,Modbus,read,40002,79.4,info,192.168.1.179
2025-08-01T08:27:55Z,PLC-004,Modbus,write,40072,1,critical,192.168.99.99
2025-08-01T08:54:00Z,PLC-005,Modbus,write,40036,0,critical,10.0.0.254
2025-08-01T08:44:16Z,PLC-012,Modbus,status,40051,68.8,info,192.168.3.60
2025-08-01T08:16:16Z,PLC-008,Modbus,status,40039,61.9,info,192.168.2.53
2025-08-01T09:01:09Z,PLC-001,Modbus,status,40044,72.5,info,192.168.5.236
2025-08-01T08:37:06Z,PLC-002,Modbus,read,40008,74.0,info,192.168.0.101
2025-08-01T08:53:22Z,PLC-005,Modbus,read,40051,70.6,info,192.168.0.194
2025-08-01T08:51:36Z,PLC-014,Modbus,read,40072,70.9,info,192.168.2.32
2025-08-01T08:18:32Z,PLC-006,Modbus,status,40015,79.7,info,192.168.0.137
2025-08-01T08:01:10Z,PLC-020,Modbus,status,40034,70.3,info,192.168.4.237
2025-08-01T08:31:27Z,PLC-004,Modbus,read,40034,75.3,info,192.168.4.11
2025-08-01T08:47:39Z,PLC-010,Modbus,write,40025,60.5,info,192.168.3.203
2025-08-01T08:09:02Z,PLC-001,Modbus,read,40039,74.4,info,192.168.2.202
2025-08-01T08:28:19Z,PLC-010,Modbus,write,40015,68.1,info,192.168.4.76
2025-08-01T08:42:56Z,PLC-004,Modbus,write,40050,73.1,info,192.168.2.160
2025-08-01T08:28:36Z,PLC-014,Modbus,status,40064,74.3,info,192.168.5.34
2025-08-01T08:25:38Z,PLC-020,Modbus,status,40082,1,critical,192.168.99.99
2025-08-01T08:29:30Z,PLC-015,Modbus,write,40075,62.7,info,192.168.1.62
2025-08-01T08:44:32Z,PLC-010,Modbus,write,40098,71.4,info,192.168.4.81
2025-08-01T08:27:33Z,PLC-006,Modbus,write,40038,61.7,info,192.168.5.226
2025-08-01T08:04:22Z,PLC-013,Modbus,status,40073,1,critical,192.168.99.99
2025-08-01T08:35:51Z,PLC-001,Modbus,read,40096,1,critical,10.0.0.254
2025-08-01T08:23:16Z,PLC-019,Modbus,status,40027,74.3,info,192.168.4.78
2025-08-01T08:30:29Z,PLC-004,Modbus,read,40071,0,critical,10.0.0.254
2025-08-01T08:16:14Z,PLC-015,Modbus,read,40039,1,critical,192.168.99.99
2025-08-01T08:42:39Z,PLC-007,Modbus,read,40031,1,critical,192.168.99.99
2025-08-01T08:40:57Z,PLC-017,Modbus,write,40024,1,critical,10.0.0.254
2025-08-01T08:55:31Z,PLC-017,Modbus,read,40043,79.9,info,192.168.4.68
2025-08-01T08:04:54Z,PLC-013,Modbus,read,40076,1,critical,192.168.99.99
2025-08-01T08:41:13Z,PLC-005,Modbus,write,40011,1,critical,192.168.99.99
2025-08-01T09:02:05Z,PLC-014,Modbus,write,40081,0,critical,10.0.0.254
2025-08-01T08:36:47Z,PLC-014,Modbus,status,40022,77.5,info,192.168.1.88
2025-08-01T08:03:44Z,PLC-005,Modbus,read,40015,1,critical,10.0.0.254
2025-08-01T08:10:24Z,PLC-005,Modbus,write,40083,67.8,info,192.168.0.37
2025-08-01T08:55:08Z,PLC-012,Modbus,status,40095,1,critical,10.0.0.254
2025-08-01T08:59:03Z,PLC-015,Modbus,write,40005,66.8,info,192.168.0.179
2025-08-01T08:28:52Z,PLC-020,Modbus,read,40062,0,critical,192.168.99.99
2025-08-01T08:02:51Z,PLC-008,Modbus,read,40040,1,critical,192.168.99.99
2025-08-01T08:44:25Z,PLC-012,Modbus,status,40009,1,critical,10.0.0.254
2025-08-01T08:48:49Z,PLC-009,Modbus,write,40016,1,critical,10.0.0.254
2025-08-01T08:52:04Z,PLC-001,Modbus,write,40095,78.6,info,192.168.4.137
2025-08-01T08:24:48Z,PLC-009,Modbus,read,40082,65.3,info,192.168.0.160
2025-08-01T08:46:58Z,PLC-014,Modbus,read,40092,0,critical,10.0.0.254
2025-08-01T08:44:42Z,PLC-006,Modbus,write,40077,0,critical,192.168.99.99
2025-08-01T08:39:13Z,PLC-015,Modbus,read,40089,1,critical,192.168.99.99
2025-08-01T08:57:53Z,PLC-016,Modbus,status,40029,1,critical,192.168.99.99
2025-08-01T08:02:03Z,PLC-009,Modbus,read,40017,63.8,info,192.168.3.57
2025-08-01T08:38:36Z,PLC-005,Modbus,write,40065,60.8,info,192.168.3.88
2025-08-01T08:15:02Z,PLC-018,Modbus,write,40049,65.2,info,192.168.4.57
2025-08-01T08:49:05Z,PLC-012,Modbus,status,40054,73.2,info,192.168.0.158
2025-08-01T08:50:10Z,PLC-008,Modbus,status,40001,78.8,info,192.168.3.50
2025-08-01T08:06:53Z,PLC-002,Modbus,read,40079,1,critical,192.168.99.99
2025-08-01T08:56:40Z,PLC-003,Modbus,status,40013,0,critical,192.168.99.99
2025-08-01T08:06:06Z,PLC-003,Modbus,read,40077,0,critical,192.168.99.99
2025-08-01T08:04:48Z,PLC-010,Modbus,read,40094,66.9,info,192.168.0.122
2025-08-01T08:49:55Z,PLC-008,Modbus,status,40088,66.3,info,192.168.3.208
2025-08-01T08:56:51Z,PLC-017,Modbus,write,40008,74.6,info,192.168.1.50
2025-08-01T08:18:36Z,PLC-020,Modbus,status,40043,0,critical,10.0.0.254
2025-08-01T08:05:51Z,PLC-012,Modbus,status,40019,73.5,info,192.168.1.206
2025-08-01T08:19:10Z,PLC-002,Modbus,write,40004,64.9,info,192.168.4.194
2025-08-01T08:22:13Z,PLC-016,Modbus,read,40021,78.5,info,192.168.5.183
2025-08-01T08:35:33Z,PLC-016,Modbus,read,40063,1,critical,192.168.99.99
2025-08-01T08:54:58Z,PLC-018,Modbus,status,40043,65.4,info,192.168.4.53
2025-08-01T08:31:53Z,PLC-016,Modbus,status,40021,0,critical,192.168.99.99
2025-08-01T08:25:02Z,PLC-015,Modbus,read,40093,76.0,info,192.168.2.147
2025-08-01T08:28:08Z,PLC-020,Modbus,write,40087,1,critical,10.0.0.254
2025-08-01T08:18:29Z,PLC-002,Modbus,status,40008,0,critical,192.168.99.99
2025-08-01T08:31:42Z,PLC-013,Modbus,status,40043,1,critical,192.168.99.99
2025-08-01T08:50:48Z,PLC-015,Modbus,status,40027,0,critical,192.168.99.99
2025-08-01T08:07:32Z,PLC-007,Modbus,write,40083,62.7,info,192.168.3.165
2025-08-01T08:26:17Z,PLC-008,Modbus,status,40055,1,critical,192.168.99.99
2025-08-01T08:42:13Z,PLC-012,Modbus,status,40026,1,critical,10.0.0.254
2025-08-01T08:51:27Z,PLC-003,Modbus,read,40099,0,critical,10.0.0.254
2025-08-01T08:09:30Z,PLC-009,Modbus,status,40084,1,critical,10.0.0.254
2025-08-01T08:30:57Z,PLC-018,Modbus,status,40048,1,critical,192.168.99.99
2025-08-01T08:49:19Z,PLC-004,Modbus,read,40090,67.7,info,192.168.5.55
2025-08-01T08:34:40Z,PLC-005,Modbus,status,40081,71.3,info,192.168.2.252
2025-08-01T08:50:16Z,PLC-006,Modbus,write,40082,78.8,info,192.168.4.201
2025-08-01T08:49:59Z,PLC-016,Modbus,write,40003,1,critical,10.0.0.254
2025-08-01T08:58:04Z,PLC-013,Modbus,write,40097,73.5,info,192.168.4.21
2025-08-01T08:28:39Z,PLC-010,Modbus,status,40033,1,critical,192.168.99.99
2025-08-01T08:28:06Z,PLC-014,Modbus,write,40032,76.2,info,192.168.2.94
2025-08-01T08:20:42Z,PLC-006,Modbus,status,40046,67.6,info,192.168.0.111
2025-08-01T08:45:03Z,PLC-014,Modbus,read,40076,1,critical,10.0.0.254
2025-08-01T08:54:40Z,PLC-011,Modbus,status,40091,1,critical,192.168.99.99
2025-08-01T08:58:43Z,PLC-006,Modbus,write,40079,79.2,info,192.168.4.95
2025-08-01T08:50:27Z,PLC-012,Modbus,status,40037,1,critical,192.168.99.99
2025-08-01T08:09:48Z,PLC-005,Modbus,read,40005,1,critical,10.0.0.254
2025-08-01T08:19:22Z,PLC-009,Modbus,status,40068,62.1,info,192.168.3.128
2025-08-01T08:49:40Z,PLC-011,Modbus,status,40014,67.3,info,192.168.4.25
2025-08-01T08:16:22Z,PLC-002,Modbus,status,40076,74.4,info,192.168.1.124
2025-08-01T08:50:26Z,PLC-010,Modbus,read,40003,61.4,info,192.168.3.238
2025-08-01T08:14:49Z,PLC-004,Modbus,read,40065,61.6,info,192.168.3.174
2025-08-01T08:58:12Z,PLC-013,Modbus,status,40027,74.2,info,192.168.5.169
2025-08-01T08:47:12Z,PLC-011,Modbus,write,40035,71.6,info,192.168.1.33
2025-08-01T08:13:59Z,PLC-006,Modbus,read,40082,0,critical,192.168.99.99
2025-08-01T08:01:45Z,PLC-008,Modbus,write,40097,67.6,info,192.168.5.224
2025-08-01T08:52:14Z,PLC-011,Modbus,write,40058,0,critical,192.168.99.99
2025-08-01T08:52:34Z,PLC-001,Modbus,status,40051,1,critical,10.0.0.254
2025-08-01T08:18:00Z,PLC-003,Modbus,status,40040,63.6,info,192.168.3.71
2025-08-01T08:09:23Z,PLC-005,Modbus,status,40010,0,critical,192.168.99.99
2025-08-01T08:48:57Z,PLC-020,Modbus,read,40065,1,critical,10.0.0.254
2025-08-01T08:25:36Z,PLC-006,Modbus,status,40041,79.9,info,192.168.3.62
2025-08-01T08:29:08Z,PLC-019,Modbus,read,40028,60.8,info,192.168.5.101
2025-08-01T08:55:26Z,PLC-012,Modbus,status,40031,1,critical,10.0.0.254
2025-08-01T08:00:18Z,PLC-020,Modbus,read,40068,1,critical,10.0.0.254
2025-08-01T08:35:02Z,PLC-003,Modbus,status,40010,0,critical,192.168.99.99
2025-08-01T08:40:52Z,PLC-020,Modbus,read,40009,62.4,info,192.168.1.130
2025-08-01T08:51:55Z,PLC-004,Modbus,write,40039,1,critical,10.0.0.254
2025-08-01T08:30:41Z,PLC-004,Modbus,status,40087,79.7,info,192.168.3.176
2025-08-01T08:38:22Z,PLC-001,Modbus,read,40055,78.9,info,192.168.0.39
2025-08-01T08:22:38Z,PLC-003,Modbus,status,40048,0,critical,192.168.99.99
2025-08-01T08:23:21Z,PLC-010,Modbus,status,40056,1,critical,192.168.99.99
2025-08-01T08:22:42Z,PLC-010,Modbus,read,40021,60.2,info,192.168.4.180
2025-08-01T08:30:08Z,PLC-020,Modbus,write,40039,0,critical,10.0.0.254
2025-08-01T08:46:45Z,PLC-010,Modbus,status,40098,78.6,info,192.168.5.88
2025-08-01T08:54:33Z,PLC-018,Modbus,status,40002,78.2,info,192.168.3.155
2025-08-01T08:17:48Z,PLC-017,Modbus,status,40012,79.0,info,192.168.5.16
2025-08-01T08:23:27Z,PLC-019,Modbus,read,40067,0,critical,192.168.99.99
2025-08-01T08:43:09Z,PLC-008,Modbus,read,40078,70.2,info,192.168.1.162
2025-08-01T08:51:18Z,PLC-019,Modbus,status,40010,66.5,info,192.168.4.28
2025-08-01T08:02:46Z,PLC-016,Modbus,write,40042,71.3,info,192.168.4.170
2025-08-01T08:43:08Z,PLC-018,Modbus,write,40091,1,critical,192.168.99.99
2025-08-01T08:06:41Z,PLC-002,Modbus,status,40080,0,critical,10.0.0.254
2025-08-01T08:27:18Z,PLC-008,Modbus,write,40090,1,critical,10.0.0.254
2025-08-01T08:00:33Z,PLC-020,Modbus,write,40032,1,critical,192.168.99.99
2025-08-01T08:45:59Z,PLC-004,Modbus,read,40054,67.8,info,192.168.2.102
2025-08-01T08:13:41Z,PLC-012,Modbus,status,40092,67.5,info,192.168.3.120
2025-08-01T08:33:04Z,PLC-013,Modbus,write,40058,0,critical,192.168.99.99
2025-08-01T08:48:56Z,PLC-011,Modbus,write,40080,61.4,info,192.168.4.243
2025-08-01T08:48:32Z,PLC-002,Modbus,read,40052,0,critical,192.168.99.99
2025-08-01T08:47:53Z,PLC-010,Modbus,status,40026,1,critical,10.0.0.254
2025-08-01T08:36:33Z,PLC-005,Modbus,status,40026,1,critical,192.168.99.99
2025-08-01T08:06:11Z,PLC-015,Modbus,status,40082,77.4,info,192.168.1.158
2025-08-01T08:38:20Z,PLC-017,Modbus,status,40033,0,critical,192.168.99.99
2025-08-01T08:13:39Z,PLC-018,Modbus,status,40057,0,critical,10.0.0.254
2025-08-01T08:54:52Z,PLC-011,Modbus,read,40009,61.0,info,192.168.5.233
2025-08-01T08:02:32Z,PLC-003,Modbus,status,40039,70.2,info,192.168.4.238
2025-08-01T08:08:13Z,PLC-003,Modbus,read,40074,0,critical,192.168.99.99
2025-08-01T08:07:26Z,PLC-011,Modbus,read,40070,0,critical,192.168.99.99
2025-08-01T08:17:30Z,PLC-014,Modbus,read,40091,77.3,info,192.168.0.30
2025-08-01T08:27:45Z,PLC-015,Modbus,write,40047,1,critical,192.168.99.99
2025-08-01T08:55:55Z,PLC-017,Modbus,write,40015,0,critical,10.0.0.254
2025-08-01T08:04:49Z,PLC-015,Modbus,write,40004,1,critical,192.168.99.99
2025-08-01T08:19:27Z,PLC-006,Modbus,read,40029,64.9,info,192.168.4.80
2025-08-01T08:31:47Z,PLC-008,Modbus,read,40024,1,critical,192.168.99.99
2025-08-01T08:07:56Z,PLC-016,Modbus,write,40023,78.3,info,192.168.5.126
2025-08-01T08:30:44Z,PLC-014,Modbus,write,40019,1,critical,192.168.99.99
2025-08-01T08:17:01Z,PLC-011,Modbus,write,40085,1,critical,10.0.0.254
2025-08-01T08:18:45Z,PLC-011,Modbus,write,40086,0,critical,192.168.99.99
2025-08-01T08:50:55Z,PLC-002,Modbus,write,40086,66.4,info,192.168.5.175
2025-08-01T08:03:26Z,PLC-017,Modbus,status,40002,0,critical,192.168.99.99
2025-08-01T08:44:36Z,PLC-003,Modbus,write,40092,0,critical,10.0.0.254
2025-08-01T08:24:53Z,PLC-013,Modbus,read,40036,78.5,info,192.168.3.123
2025-08-01T08:36:42Z,PLC-002,Modbus,read,40069,70.2,info,192.168.0.247
2025-08-01T08:44:13Z,PLC-004,Modbus,read,40004,1,critical,10.0.0.254
2025-08-01T08:58:00Z,PLC-009,Modbus,status,40086,0,critical,192.168.99.99
2025-08-01T08:04:40Z,PLC-018,Modbus,write,40051,79.7,info,192.168.4.35
2025-08-01T08:38:51Z,PLC-019,Modbus,read,40013,75.6,info,192.168.0.254
2025-08-01T08:41:12Z,PLC-019,Modbus,read,40006,63.8,info,192.168.2.134
2025-08-01T08:40:11Z,PLC-018,Modbus,write,40065,70.4,info,192.168.0.165
2025-08-01T08:13:45Z,PLC-017,Modbus,write,40046,1,critical,192.168.99.99
2025-08-01T08:49:04Z,PLC-015,Modbus,write,40011,0,critical,10.0.0.254
2025-08-01T08:17:55Z,PLC-011,Modbus,status,40035,1,critical,192.168.99.99
2025-08-01T08:58:20Z,PLC-003,Modbus,write,40015,1,critical,10.0.0.254
2025-08-01T08:48:39Z,PLC-016,Modbus,write,40014,0,critical,10.0.0.254
2025-08-01T09:01:39Z,PLC-011,Modbus,read,40006,0,critical,10.0.0.254
2025-08-01T08:37:38Z,PLC-020,Modbus,write,40027,63.3,info,192.168.4.53
2025-08-01T08:48:49Z,PLC-003,Modbus,read,40021,70.5,info,192.168.1.35
2025-08-01T08:45:07Z,PLC-015,Modbus,read,40086,61.9,info,192.168.2.12
2025-08-01T08:57:51Z,PLC-013,Modbus,write,40024,72.0,info,192.168.3.142
2025-08-01T08:35:38Z,PLC-016,Modbus,status,40066,1,critical,192.168.99.99
2025-08-01T08:18:43Z,PLC-006,Modbus,status,40032,67.3,info,192.168.1.92
2025-08-01T08:43:22Z,PLC-014,Modbus,read,40054,69.0,info,192.168.4.71
2025-08-01T08:43:04Z,PLC-020,Modbus,read,40048,60.0,info,192.168.0.106
2025-08-01T08:54:34Z,PLC-014,Modbus,write,40092,1,critical,10.0.0.254
2025-08-01T08:01:26Z,PLC-007,Modbus,write,40061,68.2,info,192.168.4.211
2025-08-01T08:46:26Z,PLC-020,Modbus,status,40041,66.8,info,192.168.1.133
2025-08-01T08:56:06Z,PLC-010,Modbus,write,40045,72.7,info,192.168.5.135
2025-08-01T09:01:20Z,PLC-019,Modbus,write,40030,0,critical,192.168.99.99
2025-08-01T08:28:57Z,PLC-006,Modbus,status,40036,0,critical,192.168.99.99
2025-08-01T08:20:50Z,PLC-018,Modbus,read,40017,67.7,info,192.168.2.236
2025-08-01T08:31:15Z,PLC-006,Modbus,write,40048,1,critical,192.168.99.99
2025-08-01T08:52:50Z,PLC-008,Modbus,read,40017,0,critical,10.0.0.254
2025-08-01T08:55:41Z,PLC-001,Modbus,write,40064,64.7,info,192.168.3.31
2025-08-01T08:47:32Z,PLC-018,Modbus,write,40011,0,critical,192.168.99.99
2025-08-01T08:16:49Z,PLC-003,Modbus,write,40010,65.1,info,192.168.0.185
2025-08-01T08:32:03Z,PLC-015,Modbus,read,40089,0,critical,10.0.0.254
2025-08-01T08:59:16Z,PLC-013,Modbus,status,40015,0,critical,10.0.0.254
2025-08-01T08:25:23Z,PLC-001,Modbus,write,40050,61.8,info,192.168.1.101
2025-08-01T08:39:26Z,PLC-019,Modbus,read,40088,68.6,info,192.168.5.237
2025-08-01T08:22:33Z,PLC-014,Modbus,status,40029,72.0,info,192.168.5.229
2025-08-01T08:54:47Z,PLC-016,Modbus,write,40045,71.6,info,192.168.0.182
2025-08-01T08:14:07Z,PLC-002,Modbus,read,40050,1,critical,192.168.99.99
2025-08-01T08:06:20Z,PLC-013,Modbus,write,40060,69.5,info,192.168.2.189
2025-08-01T08:41:52Z,PLC-020,Modbus,status,40018,73.4,info,192.168.0.132
2025-08-01T08:39:01Z,PLC-020,Modbus,status,40039,70.3,info,192.168.4.130
2025-08-01T08:58:58Z,PLC-014,Modbus,write,40088,76.7,info,192.168.5.75
2025-08-01T08:38:09Z,PLC-004,Modbus,status,40015,63.8,info,192.168.5.50
2025-08-01T08:47:14Z,PLC-012,Modbus,read,40017,0,critical,192.168.99.99
2025-08-01T08:36:28Z,PLC-016,Modbus,read,40076,69.4,info,192.168.4.239
2025-08-01T08:29:02Z,PLC-010,Modbus,write,40084,1,critical,10.0.0.254
2025-08-01T08:03:31Z,PLC-008,Modbus,read,40033,74.0,info,192.168.0.183
2025-08-01T08:50:10Z,PLC-012,Modbus,write,40057,1,critical,10.0.0.254
2025-08-01T08:18:13Z,PLC-018,Modbus,write,40028,76.6,info,192.168.4.102
2025-08-01T08:38:33Z,PLC-019,Modbus,read,40041,0,critical,192.168.99.99
2025-08-01T08:45:14Z,PLC-013,Modbus,read,40070,64.4,info,192.168.5.21
2025-08-01T08:38:44Z,PLC-020,Modbus,status,40061,67.4,info,192.168.5.27
2025-08-01T08:40:25Z,PLC-010,Modbus,status,40041,78.2,info,192.168.2.134
2025-08-01T08:07:15Z,PLC-017,Modbus,read,40064,68.6,info,192.168.1.156
2025-08-01T08:04:32Z,PLC-004,Modbus,status,40061,63.9,info,192.168.0.91
2025-08-01T08:25:52Z,PLC-008,Modbus,status,40003,72.1,info,192.168.3.199
2025-08-01T08:44:52Z,PLC-002,Modbus,read,40043,64.1,info,192.168.3.17
2025-08-01T08:35:40Z,PLC-004,Modbus,write,40055,73.4,info,192.168.5.115
2025-08-01T08:48:03Z,PLC-007,Modbus,write,40020,0,critical,192.168.99.99
2025-08-01T09:00:55Z,PLC-007,Modbus,status,40078,0,critical,10.0.0.254
2025-08-01T08:23:41Z,PLC-005,Modbus,write,40040,62.5,info,192.168.3.193
2025-08-01T08:40:23Z,PLC-018,Modbus,write,40068,1,critical,192.168.99.99
2025-08-01T08:28:18Z,PLC-018,Modbus,read,40006,1,critical,10.0.0.254
2025-08-01T08:34:25Z,PLC-009,Modbus,write,40079,1,critical,10.0.0.254
2025-08-01T08:33:59Z,PLC-011,Modbus,read,40097,0,critical,10.0.0.254
2025-08-01T09:01:32Z,PLC-002,Modbus,read,40033,0,critical,192.168.99.99
2025-08-01T08:37:25Z,PLC-012,Modbus,status,40007,0,critical,192.168.99.99
2025-08-01T08:38:00Z,PLC-009,Modbus,status,40012,0,critical,192.168.99.99
2025-08-01T08:23:51Z,PLC-020,Modbus,status,40023,71.3,info,192.168.4.85
2025-08-01T08:12:10Z,PLC-004,Modbus,status,40052,61.6,info,192.168.2.235
2025-08-01T08:40:31Z,PLC-020,Modbus,write,40015,1,critical,192.168.99.99
2025-08-01T08:51:42Z,PLC-002,Modbus,write,40032,68.1,info,192.168.0.127
2025-08-01T08:31:39Z,PLC-004,Modbus,read,40087,68.0,info,192.168.1.164
2025-08-01T08:54:49Z,PLC-011,Modbus,write,40098,1,critical,192.168.99.99
2025-08-01T08:18:55Z,PLC-002,Modbus,status,40002,60.6,info,192.168.5.86
2025-08-01T08:06:35Z,PLC-006,Modbus,status,40061,70.8,info,192.168.4.250
2025-08-01T09:01:19Z,PLC-005,Modbus,status,40063,74.1,info,192.168.3.169
2025-08-01T08:11:47Z,PLC-005,Modbus,write,40046,1,critical,10.0.0.254
2025-08-01T08:07:40Z,PLC-001,Modbus,read,40047,1,critical,192.168.99.99
2025-08-01T08:34:31Z,PLC-007,Modbus,read,40048,78.2,info,192.168.0.243
2025-08-01T09:02:04Z,PLC-001,Modbus,write,40052,64.3,info,192.168.4.93
2025-08-01T08:41:42Z,PLC-001,Modbus,read,40051,0,critical,192.168.99.99
2025-08-01T08:37:20Z,PLC-006,Modbus,read,40020,0,critical,192.168.99.99
2025-08-01T08:45:31Z,PLC-017,Modbus,write,40011,0,critical,192.168.99.99
2025-08-01T08:47:49Z,PLC-002,Modbus,read,40016,77.5,info,192.168.0.213
2025-08-01T08:49:22Z,PLC-007,Modbus,read,40053,0,critical,10.0.0.254
2025-08-01T08:49:35Z,PLC-016,Modbus,status,40006,73.6,info,192.168.3.39
2025-08-01T08:25:55Z,PLC-002,Modbus,write,40003,1,critical,10.0.0.254
2025-08-01T09:01:01Z,PLC-007,Modbus,status,40055,71.6,info,192.168.5.241
2025-08-01T08:53:58Z,PLC-004,Modbus,status,40096,68.2,info,192.168.0.74
2025-08-01T08:58:34Z,PLC-006,Modbus,write,40014,74.3,info,192.168.3.30
2025-08-01T08:53:31Z,PLC-006,Modbus,write,40014,73.1,info,192.168.2.32
2025-08-01T08:51:20Z,PLC-002,Modbus,read,40015,0,critical,192.168.99.99
2025-08-01T08:00:48Z,PLC-003,Modbus,write,40073,1,critical,192.168.99.99
2025-08-01T08:07:27Z,PLC-011,Modbus,write,40052,71.2,info,192.168.0.88
2025-08-01T08:25:19Z,PLC-002,Modbus,read,40027,1,critical,192.168.99.99
2025-08-01T08:21:31Z,PLC-014,Modbus,read,40040,1,critical,10.0.0.254
2025-08-01T08:07:49Z,PLC-001,Modbus,read,40025,71.2,info,192.168.5.79
2025-08-01T09:00:39Z,PLC-017,Modbus,read,40006,1,critical,192.168.99.99
2025-08-01T08:45:40Z,PLC-015,Modbus,status,40058,0,critical,192.168.99.99
2025-08-01T08:25:16Z,PLC-012,Modbus,status,40034,71.1,info,192.168.2.38
2025-08-01T08:05:10Z,PLC-015,Modbus,status,40065,1,critical,10.0.0.254
2025-08-01T08:16:56Z,PLC-020,Modbus,status,40007,75.0,info,192.168.0.221
2025-08-01T08:28:13Z,PLC-005,Modbus,write,40038,0,critical,10.0.0.254
2025-08-01T08:57:44Z,PLC-001,Modbus,write,40083,65.8,info,192.168.4.182
2025-08-01T08:02:09Z,PLC-020,Modbus,status,40052,0,critical,10.0.0.254
2025-08-01T08:06:27Z,PLC-003,Modbus,read,40046,1,critical,192.168.99.99
2025-08-01T08:31:25Z,PLC-018,Modbus,status,40057,1,critical,192.168.99.99
2025-08-01T08:02:22Z,PLC-017,Modbus,write,40070,1,critical,10.0.0.254
2025-08-01T08:23:01Z,PLC-019,Modbus,write,40056,64.9,info,192.168.5.12
2025-08-01T08:32:35Z,PLC-006,Modbus,write,40035,67.3,info,192.168.2.16
2025-08-01T08:15:55Z,PLC-001,Modbus,read,40042,0,critical,10.0.0.254
2025-08-01T08:34:48Z,PLC-020,Modbus,status,40076,65.2,info,192.168.2.245
2025-08-01T08:44:57Z,PLC-012,Modbus,write,40045,0,critical,10.0.0.254
2025-08-01T08:02:40Z,PLC-018,Modbus,status,40019,64.3,info,192.168.1.197
2025-08-01T08:39:32Z,PLC-020,Modbus,read,40038,70.1,info,192.168.0.4
2025-08-01T08:15:28Z,PLC-011,Modbus,status,40025,1,critical,10.0.0.254
2025-08-01T08:30:01Z,PLC-018,Modbus,read,40056,0,critical,192.168.99.99
2025-08-01T08:15:19Z,PLC-011,Modbus,status,40015,70.0,info,192.168.1.152
2025-08-01T08:39:37Z,PLC-017,Modbus,write,40049,0,critical,10.0.0.254
2025-08-01T08:25:49Z,PLC-011,Modbus,read,40033,1,critical,10.0.0.254
2025-08-01T08:06:58Z,PLC-010,Modbus,write,40075,63.9,info,192.168.2.166
2025-08-01T08:44:43Z,PLC-017,Modbus,read,40093,73.6,info,192.168.2.156
2025-08-01T08:24:32Z,PLC-013,Modbus,status,40052,78.4,info,192.168.3.149
2025-08-01T08:03:58Z,PLC-004,Modbus,status,40056,77.8,info,192.168.0.158
2025-08-01T08:48:25Z,PLC-019,Modbus,read,40054,1,critical,192.168.99.99
2025-08-01T08:04:14Z,PLC-004,Modbus,status,40011,0,critical,192.168.99.99
2025-08-01T08:35:05Z,PLC-019,Modbus,write,40040,61.0,info,192.168.4.222
2025-08-01T08:53:16Z,PLC-019,Modbus,status,40017,66.3,info,192.168.3.33
2025-08-01T08:04:26Z,PLC-009,Modbus,status,40083,78.4,info,192.168.4.111
2025-08-01T08:02:23Z,PLC-001,Modbus,write,40059,75.4,info,192.168.3.163
2025-08-01T08:56:41Z,PLC-007,Modbus,read,40054,76.8,info,192.168.2.69
2025-08-01T08:10:50Z,PLC-006,Modbus,status,40087,1,critical,10.0.0.254
2025-08-01T08:44:05Z,PLC-012,Modbus,write,40097,0,critical,192.168.99.99
2025-08-01T08:36:02Z,PLC-017,Modbus,read,40089,78.2,info,192.168.2.104
2025-08-01T09:00:00Z,PLC-019,Modbus,status,40017,73.5,info,192.168.3.104
2025-08-01T08:51:49Z,PLC-012,Modbus,read,40048,1,critical,192.168.99.99
2025-08-01T08:21:04Z,PLC-010,Modbus,read,40075,0,critical,192.168.99.99
2025-08-01T09:02:22Z,PLC-008,Modbus,status,40062,1,critical,192.168.99.99
2025-08-01T08:32:15Z,PLC-012,Modbus,read,40040,78.4,info,192.168.5.252
2025-08-01T08:56:58Z,PLC-002,Modbus,read,40042,1,critical,192.168.99.99
2025-08-01T08:51:07Z,PLC-020,Modbus,read,40059,0,critical,10.0.0.254
2025-08-01T08:49:10Z,PLC-014,Modbus,read,40022,62.6,info,192.168.5.217
2025-08-01T08:50:53Z,PLC-008,Modbus,read,40051,1,critical,10.0.0.254
2025-08-01T08:35:11Z,PLC-016,Modbus,read,40082,0,critical,192.168.99.99
2025-08-01T08:49:49Z,PLC-008,Modbus,write,40031,0,critical,192.168.99.99
2025-08-01T08:07:32Z,PLC-001,Modbus,status,40002,1,critical,10.0.0.254
2025-08-01T08:57:43Z,PLC-011,Modbus,read,40041,0,critical,192.168.99.99
2025-08-01T08:10:05Z,PLC-016,Modbus,status,40005,74.6,info,192.168.1.180
2025-08-01T08:32:19Z,PLC-014,Modbus,read,40039,0,critical,192.168.99.99
2025-08-01T08:35:22Z,PLC-010,Modbus,read,40016,70.3,info,192.168.3.241
2025-08-01T08:26:37Z,PLC-006,Modbus,status,40014,62.1,info,192.168.5.231
2025-08-01T08:24:26Z,PLC-019,Modbus,status,40004,67.6,info,192.168.1.160
2025-08-01T08:10:58Z,PLC-020,Modbus,write,40027,0,critical,192.168.99.99
2025-08-01T08:11:09Z,PLC-003,Modbus,status,40096,72.1,info,192.168.3.101
2025-08-01T09:01:40Z,PLC-004,Modbus,status,40001,68.3,info,192.168.3.108
2025-08-01T08:09:47Z,PLC-001,Modbus,status,40060,72.2,info,192.168.4.197
2025-08-01T08:57:16Z,PLC-007,Modbus,read,40008,1,critical,10.0.0.254
2025-08-01T08:10:48Z,PLC-012,Modbus,read,40091,79.1,info,192.168.2.189
2025-08-01T08:21:09Z,PLC-014,Modbus,status,40014,1,critical,192.168.99.99
2025-08-01T08:42:28Z,PLC-008,Modbus,status,40017,64.8,info,192.168.3.141
2025-08-01T08:24:00Z,PLC-016,Modbus,status,40023,70.0,info,192.168.0.54
2025-08-01T08:06:29Z,PLC-019,Modbus,write,40009,66.2,info,192.168.1.54
2025-08-01T08:03:54Z,PLC-003,Modbus,status,40001,0,critical,10.0.0.254
2025-08-01T08:17:12Z,PLC-008,Modbus,read,40011,73.6,info,192.168.2.158
2025-08-01T08:03:16Z,PLC-018,Modbus,write,40060,67.6,info,192.168.3.183
2025-08-01T08:30:14Z,PLC-020,Modbus,write,40091,0,critical,10.0.0.254
2025-08-01T08:44:01Z,PLC-019,Modbus,read,40093,76.6,info,192.168.1.97
2025-08-01T08:20:33Z,PLC-003,Modbus,read,40046,70.8,info,192.168.5.76
2025-08-01T08:30:16Z,PLC-001,Modbus,read,40053,61.9,info,192.168.5.21
2025-08-01T08:16:34Z,PLC-019,Modbus,write,40070,0,critical,10.0.0.254
2025-08-01T08:03:44Z,PLC-007,Modbus,read,40078,67.5,info,192.168.4.84
2025-08-01T08:06:00Z,PLC-020,Modbus,read,40015,0,critical,192.168.99.99
2025-08-01T08:34:02Z,PLC-010,Modbus,write,40075,75.4,info,192.168.5.31
2025-08-01T08:22:27Z,PLC-001,Modbus,status,40024,78.0,info,192.168.0.164
2025-08-01T09:01:58Z,PLC-009,Modbus,read,40098,67.8,info,192.168.0.35
2025-08-01T08:45:22Z,PLC-017,Modbus,write,40089,74.6,info,192.168.1.19
2025-08-01T08:29:30Z,PLC-012,Modbus,read,40031,1,critical,10.0.0.254
2025-08-01T08:24:20Z,PLC-002,Modbus,status,40031,0,critical,10.0.0.254
2025-08-01T08:46:50Z,PLC-015,Modbus,read,40093,74.6,info,192.168.3.213
2025-08-01T08:56:50Z,PLC-009,Modbus,read,40011,1,critical,10.0.0.254
2025-08-01T08:19:01Z,PLC-005,Modbus,status,40015,68.2,info,192.168.4.154
2025-08-01T08:17:33Z,PLC-011,Modbus,status,40095,0,critical,192.168.99.99
2025-08-01T08:57:01Z,PLC-008,Modbus,write,40069,77.0,info,192.168.4.149
2025-08-01T08:03:11Z,PLC-010,Modbus,read,40041,0,critical,10.0.0.254
2025-08-01T08:49:25Z,PLC-009,Modbus,status,40027,61.2,info,192.168.0.85
2025-08-01T08:34:32Z,PLC-019,Modbus,read,40084,0,critical,10.0.0.254
2025-08-01T08:13:54Z,PLC-002,Modbus,read,40077,69.3,info,192.168.5.135
2025-08-01T08:22:32Z,PLC-004,Modbus,status,40037,1,critical,192.168.99.99
2025-08-01T08:37:14Z,PLC-010,Modbus,read,40048,1,critical,10.0.0.254
2025-08-01T08:35:58Z,PLC-010,Modbus,status,40064,1,critical,10.0.0.254
2025-08-01T08:07:21Z,PLC-019,Modbus,status,40070,0,critical,10.0.0.254
2025-08-01T08:44:58Z,PLC-011,Modbus,write,40034,61.8,info,192.168.5.38
2025-08-01T08:09:32Z,PLC-008,Modbus,write,40096,75.0,info,192.168.4.13
2025-08-01T08:14:09Z,PLC-012,Modbus,write,40082,68.7,info,192.168.3.98
2025-08-01T08:08:47Z,PLC-004,Modbus,read,40022,72.6,info,192.168.2.205
2025-08-01T08:21:19Z,PLC-004,Modbus,status,40007,63.2,info,192.168.5.53
2025-08-01T08:59:58Z,PLC-004,Modbus,read,40031,0,critical,10.0.0.254
2025-08-01T08:32:44Z,PLC-010,Modbus,write,40012,61.0,info,192.168.4.63
2025-08-01T09:01:14Z,PLC-005,Modbus,status,40048,0,critical,10.0.0.254
2025-08-01T08:43:57Z,PLC-007,Modbus,read,40068,0,critical,192.168.99.99
2025-08-01T08:39:56Z,PLC-015,Modbus,status,40059,66.4,info,192.168.2.133
2025-08-01T08:49:32Z,PLC-007,Modbus,read,40084,0,critical,192.168.99.99
2025-08-01T08:48:41Z,PLC-009,Modbus,read,40093,60.8,info,192.168.3.165
2025-08-01T08:41:34Z,PLC-015,Modbus,write,40089,73.4,info,192.168.3.239
2025-08-01T08:42:42Z,PLC-007,Modbus,status,40053,68.5,info,192.168.4.244
2025-08-01T08:25:13Z,PLC-016,Modbus,write,40085,1,critical,192.168.99.99
2025-08-01T08:20:41Z,PLC-001,Modbus,write,40056,0,critical,192.168.99.99
2025-08-01T08:24:07Z,PLC-004,Modbus,read,40084,73.8,info,192.168.2.140
2025-08-01T08:55:08Z,PLC-007,Modbus,status,40089,70.4,info,192.168.2.120
2025-08-01T08:29:55Z,PLC-016,Modbus,write,40072,63.6,info,192.168.4.109
2025-08-01T08:03:20Z,PLC-010,Modbus,status,40057,1,critical,10.0.0.254
2025-08-01T08:24:15Z,PLC-019,Modbus,write,40087,62.9,info,192.168.5.150
2025-08-01T08:00:24Z,PLC-011,Modbus,read,40069,65.6,info,192.168.1.40
2025-08-01T08:56:29Z,PLC-005,Modbus,read,40091,69.7,info,192.168.2.2
2025-08-01T08:19:35Z,PLC-020,Modbus,write,40062,0,critical,192.168.99.99
2025-08-01T08:21:40Z,PLC-005,Modbus,status,40048,0,critical,192.168.99.99
2025-08-01T08:31:30Z,PLC-012,Modbus,status,40042,0,critical,192.168.99.99
2025-08-01T08:56:10Z,PLC-008,Modbus,write,40073,1,critical,10.0.0.254
2025-08-01T08:19:54Z,PLC-018,Modbus,status,40080,0,critical,192.168.99.99
2025-08-01T08:32:01Z,PLC-008,Modbus,write,40016,61.8,info,192.168.4.232
2025-08-01T08:08:52Z,PLC-017,Modbus,write,40027,67.8,info,192.168.0.116
2025-08-01T08:14:40Z,PLC-018,Modbus,status,40021,66.2,info,192.168.3.247
2025-08-01T08:38:48Z,PLC-017,Modbus,status,40037,0,critical,10.0.0.254
2025-08-01T08:46:24Z,PLC-011,Modbus,write,40063,1,critical,192.168.99.99
2025-08-01T08:54:24Z,PLC-016,Modbus,write,40060,1,critical,10.0.0.254
2025-08-01T08:36:11Z,PLC-013,Modbus,read,40077,75.6,info,192.168.4.72
2025-08-01T08:34:19Z,PLC-008,Modbus,write,40033,75.2,info,192.168.5.252
2025-08-01T08:20:36Z,PLC-015,Modbus,write,40058,0,critical,192.168.99.99
